order,height,base_experience,id,name,weight,type_0,type_1,bmi,front_default_sprite
1,7,64,1,Bulbasaur,69,grass,poison,9.857142857142858,https://raw.githubusercontent.com/PokeAPI/sprites/master/sprites/pokemon/1.png
2,10,142,2,Ivysaur,130,grass,poison,13.0,https://raw.githubusercontent.com/PokeAPI/sprites/master/sprites/pokemon/2.png
3,20,263,3,Venusaur,1000,grass,poison,50.0,https://raw.githubusercontent.com/PokeAPI/sprites/master/sprites/pokemon/3.png
5,6,62,4,Charmander,85,fire,,14.166666666666666,https://raw.githubusercontent.com/PokeAPI/sprites/master/sprites/pokemon/4.png
6,11,142,5,Charmeleon,190,fire,,17.272727272727273,https://raw.githubusercontent.com/PokeAPI/sprites/master/sprites/pokemon/5.png
7,17,267,6,Charizard,905,fire,flying,53.23529411764706,https://raw.githubusercontent.com/PokeAPI/sprites/master/sprites/pokemon/6.png
10,5,63,7,Squirtle,90,water,,18.0,https://raw.githubusercontent.com/PokeAPI/sprites/master/sprites/pokemon/7.png
11,10,142,8,Wartortle,225,water,,22.5,https://raw.githubusercontent.com/PokeAPI/sprites/master/sprites/pokemon/8.png
12,16,265,9,Blastoise,855,water,,53.4375,https://raw.githubusercontent.com/PokeAPI/sprites/master/sprites/pokemon/9.png
14,3,39,10,Caterpie,29,bug,,9.666666666666666,https://raw.githubusercontent.com/PokeAPI/sprites/master/sprites/pokemon/10.png
15,7,72,11,Metapod,99,bug,,14.142857142857142,https://raw.githubusercontent.com/PokeAPI/sprites/master/sprites/pokemon/11.png
16,11,198,12,Butterfree,320,bug,flying,29.09090909090909,https://raw.githubusercontent.com/PokeAPI/sprites/master/sprites/pokemon/12.png
17,3,39,13,Weedle,32,bug,poison,10.666666666666666,https://raw.githubusercontent.com/PokeAPI/sprites/master/sprites/pokemon/13.png
18,6,72,14,Kakuna,100,bug,poison,16.666666666666668,https://raw.githubusercontent.com/PokeAPI/sprites/master/sprites/pokemon/14.png
19,10,178,15,Beedrill,295,bug,poison,29.5,https://raw.githubusercontent.com/PokeAPI/sprites/master/sprites/pokemon/15.png
21,3,50,16,Pidgey,18,normal,flying,6.0,https://raw.githubusercontent.com/PokeAPI/sprites/master/sprites/pokemon/16.png
22,11,122,17,Pidgeotto,300,normal,flying,27.272727272727273,https://raw.githubusercontent.com/PokeAPI/sprites/master/sprites/pokemon/17.png
23,15,216,18,Pidgeot,395,normal,flying,26.333333333333332,https://raw.githubusercontent.com/PokeAPI/sprites/master/sprites/pokemon/18.png
25,3,51,19,Rattata,35,normal,,11.666666666666666,https://raw.githubusercontent.com/PokeAPI/sprites/master/sprites/pokemon/19.png
27,7,145,20,Raticate,185,normal,,26.428571428571427,https://raw.githubusercontent.com/PokeAPI/sprites/master/sprites/pokemon/20.png
30,3,52,21,Spearow,20,normal,flying,6.666666666666667,https://raw.githubusercontent.com/PokeAPI/sprites/master/sprites/pokemon/21.png
31,12,155,22,Fearow,380,normal,flying,31.666666666666668,https://raw.githubusercontent.com/PokeAPI/sprites/master/sprites/pokemon/22.png
32,20,58,23,Ekans,69,poison,,3.45,https://raw.githubusercontent.com/PokeAPI/sprites/master/sprites/pokemon/23.png
33,35,157,24,Arbok,650,poison,,18.571428571428573,https://raw.githubusercontent.com/PokeAPI/sprites/master/sprites/pokemon/24.png
35,4,112,25,Pikachu,60,electric,,15.0,https://raw.githubusercontent.com/PokeAPI/sprites/master/sprites/pokemon/25.png
51,8,243,26,Raichu,300,electric,,37.5,https://raw.githubusercontent.com/PokeAPI/sprites/master/sprites/pokemon/26.png
53,6,60,27,Sandshrew,120,ground,,20.0,https://raw.githubusercontent.com/PokeAPI/sprites/master/sprites/pokemon/27.png
55,10,158,28,Sandslash,295,ground,,29.5,https://raw.githubusercontent.com/PokeAPI/sprites/master/sprites/pokemon/28.png
57,4,55,29,Nidoran-f,70,poison,,17.5,https://raw.githubusercontent.com/PokeAPI/sprites/master/sprites/pokemon/29.png
58,8,128,30,Nidorina,200,poison,,25.0,https://raw.githubusercontent.com/PokeAPI/sprites/master/sprites/pokemon/30.png
59,13,253,31,Nidoqueen,600,poison,ground,46.15384615384615,https://raw.githubusercontent.com/PokeAPI/sprites/master/sprites/pokemon/31.png
60,5,55,32,Nidoran-m,90,poison,,18.0,https://raw.githubusercontent.com/PokeAPI/sprites/master/sprites/pokemon/32.png
61,9,128,33,Nidorino,195,poison,,21.666666666666668,https://raw.githubusercontent.com/PokeAPI/sprites/master/sprites/pokemon/33.png
62,14,253,34,Nidoking,620,poison,ground,44.285714285714285,https://raw.githubusercontent.com/PokeAPI/sprites/master/sprites/pokemon/34.png
64,6,113,35,Clefairy,75,fairy,,12.5,https://raw.githubusercontent.com/PokeAPI/sprites/master/sprites/pokemon/35.png
65,13,242,36,Clefable,400,fairy,,30.76923076923077,https://raw.githubusercontent.com/PokeAPI/sprites/master/sprites/pokemon/36.png
66,6,60,37,Vulpix,99,fire,,16.5,https://raw.githubusercontent.com/PokeAPI/sprites/master/sprites/pokemon/37.png
68,11,177,38,Ninetales,199,fire,,18.09090909090909,https://raw.githubusercontent.com/PokeAPI/sprites/master/sprites/pokemon/38.png
71,5,95,39,Jigglypuff,55,normal,fairy,11.0,https://raw.githubusercontent.com/PokeAPI/sprites/master/sprites/pokemon/39.png
72,10,218,40,Wigglytuff,120,normal,fairy,12.0,https://raw.githubusercontent.com/PokeAPI/sprites/master/sprites/pokemon/40.png
73,8,49,41,Zubat,75,poison,flying,9.375,https://raw.githubusercontent.com/PokeAPI/sprites/master/sprites/pokemon/41.png
74,16,159,42,Golbat,550,poison,flying,34.375,https://raw.githubusercontent.com/PokeAPI/sprites/master/sprites/pokemon/42.png
76,5,64,43,Oddish,54,grass,poison,10.8,https://raw.githubusercontent.com/PokeAPI/sprites/master/sprites/pokemon/43.png
77,8,138,44,Gloom,86,grass,poison,10.75,https://raw.githubusercontent.com/PokeAPI/sprites/master/sprites/pokemon/44.png
78,12,245,45,Vileplume,186,grass,poison,15.5,https://raw.githubusercontent.com/PokeAPI/sprites/master/sprites/pokemon/45.png
80,3,57,46,Paras,54,bug,grass,18.0,https://raw.githubusercontent.com/PokeAPI/sprites/master/sprites/pokemon/46.png
81,10,142,47,Parasect,295,bug,grass,29.5,https://raw.githubusercontent.com/PokeAPI/sprites/master/sprites/pokemon/47.png
82,10,61,48,Venonat,300,bug,poison,30.0,https://raw.githubusercontent.com/PokeAPI/sprites/master/sprites/pokemon/48.png
83,15,158,49,Venomoth,125,bug,poison,8.333333333333334,https://raw.githubusercontent.com/PokeAPI/sprites/master/sprites/pokemon/49.png
84,2,53,50,Diglett,8,ground,,4.0,https://raw.githubusercontent.com/PokeAPI/sprites/master/sprites/pokemon/50.png
86,7,149,51,Dugtrio,333,ground,,47.57142857142857,https://raw.githubusercontent.com/PokeAPI/sprites/master/sprites/pokemon/51.png
88,4,58,52,Meowth,42,normal,,10.5,https://raw.githubusercontent.com/PokeAPI/sprites/master/sprites/pokemon/52.png
91,10,154,53,Persian,320,normal,,32.0,https://raw.githubusercontent.com/PokeAPI/sprites/master/sprites/pokemon/53.png
93,8,64,54,Psyduck,196,water,,24.5,https://raw.githubusercontent.com/PokeAPI/sprites/master/sprites/pokemon/54.png
94,17,175,55,Golduck,766,water,,45.05882352941177,https://raw.githubusercontent.com/PokeAPI/sprites/master/sprites/pokemon/55.png
95,5,61,56,Mankey,280,fighting,,56.0,https://raw.githubusercontent.com/PokeAPI/sprites/master/sprites/pokemon/56.png
96,10,159,57,Primeape,320,fighting,,32.0,https://raw.githubusercontent.com/PokeAPI/sprites/master/sprites/pokemon/57.png
97,7,70,58,Growlithe,190,fire,,27.142857142857142,https://raw.githubusercontent.com/PokeAPI/sprites/master/sprites/pokemon/58.png
98,19,194,59,Arcanine,1550,fire,,81.57894736842105,https://raw.githubusercontent.com/PokeAPI/sprites/master/sprites/pokemon/59.png
99,6,60,60,Poliwag,124,water,,20.666666666666668,https://raw.githubusercontent.com/PokeAPI/sprites/master/sprites/pokemon/60.png
100,10,135,61,Poliwhirl,200,water,,20.0,https://raw.githubusercontent.com/PokeAPI/sprites/master/sprites/pokemon/61.png
101,13,255,62,Poliwrath,540,water,fighting,41.53846153846154,https://raw.githubusercontent.com/PokeAPI/sprites/master/sprites/pokemon/62.png
103,9,62,63,Abra,195,psychic,,21.666666666666668,https://raw.githubusercontent.com/PokeAPI/sprites/master/sprites/pokemon/63.png
104,13,140,64,Kadabra,565,psychic,,43.46153846153846,https://raw.githubusercontent.com/PokeAPI/sprites/master/sprites/pokemon/64.png
105,15,250,65,Alakazam,480,psychic,,32.0,https://raw.githubusercontent.com/PokeAPI/sprites/master/sprites/pokemon/65.png
107,8,61,66,Machop,195,fighting,,24.375,https://raw.githubusercontent.com/PokeAPI/sprites/master/sprites/pokemon/66.png
108,15,142,67,Machoke,705,fighting,,47.0,https://raw.githubusercontent.com/PokeAPI/sprites/master/sprites/pokemon/67.png
109,16,253,68,Machamp,1300,fighting,,81.25,https://raw.githubusercontent.com/PokeAPI/sprites/master/sprites/pokemon/68.png
110,7,60,69,Bellsprout,40,grass,poison,5.714285714285714,https://raw.githubusercontent.com/PokeAPI/sprites/master/sprites/pokemon/69.png
111,10,137,70,Weepinbell,64,grass,poison,6.4,https://raw.githubusercontent.com/PokeAPI/sprites/master/sprites/pokemon/70.png
112,17,221,71,Victreebel,155,grass,poison,9.117647058823529,https://raw.githubusercontent.com/PokeAPI/sprites/master/sprites/pokemon/71.png
113,9,67,72,Tentacool,455,water,poison,50.55555555555556,https://raw.githubusercontent.com/PokeAPI/sprites/master/sprites/pokemon/72.png
114,16,180,73,Tentacruel,550,water,poison,34.375,https://raw.githubusercontent.com/PokeAPI/sprites/master/sprites/pokemon/73.png
115,4,60,74,Geodude,200,rock,ground,50.0,https://raw.githubusercontent.com/PokeAPI/sprites/master/sprites/pokemon/74.png
117,10,137,75,Graveler,1050,rock,ground,105.0,https://raw.githubusercontent.com/PokeAPI/sprites/master/sprites/pokemon/75.png
119,14,223,76,Golem,3000,rock,ground,214.28571428571428,https://raw.githubusercontent.com/PokeAPI/sprites/master/sprites/pokemon/76.png
121,10,82,77,Ponyta,300,fire,,30.0,https://raw.githubusercontent.com/PokeAPI/sprites/master/sprites/pokemon/77.png
123,17,175,78,Rapidash,950,fire,,55.88235294117647,https://raw.githubusercontent.com/PokeAPI/sprites/master/sprites/pokemon/78.png
125,12,63,79,Slowpoke,360,water,psychic,30.0,https://raw.githubusercontent.com/PokeAPI/sprites/master/sprites/pokemon/79.png
127,16,172,80,Slowbro,785,water,psychic,49.0625,https://raw.githubusercontent.com/PokeAPI/sprites/master/sprites/pokemon/80.png
132,3,65,81,Magnemite,60,electric,steel,20.0,https://raw.githubusercontent.com/PokeAPI/sprites/master/sprites/pokemon/81.png
133,10,163,82,Magneton,600,electric,steel,60.0,https://raw.githubusercontent.com/PokeAPI/sprites/master/sprites/pokemon/82.png
135,8,132,83,Farfetchd,150,normal,flying,18.75,https://raw.githubusercontent.com/PokeAPI/sprites/master/sprites/pokemon/83.png
137,14,62,84,Doduo,392,normal,flying,28.0,https://raw.githubusercontent.com/PokeAPI/sprites/master/sprites/pokemon/84.png
138,18,165,85,Dodrio,852,normal,flying,47.333333333333336,https://raw.githubusercontent.com/PokeAPI/sprites/master/sprites/pokemon/85.png
139,11,65,86,Seel,900,water,,81.81818181818181,https://raw.githubusercontent.com/PokeAPI/sprites/master/sprites/pokemon/86.png
140,17,166,87,Dewgong,1200,water,ice,70.58823529411765,https://raw.githubusercontent.com/PokeAPI/sprites/master/sprites/pokemon/87.png
141,9,65,88,Grimer,300,poison,,33.333333333333336,https://raw.githubusercontent.com/PokeAPI/sprites/master/sprites/pokemon/88.png
143,12,175,89,Muk,300,poison,,25.0,https://raw.githubusercontent.com/PokeAPI/sprites/master/sprites/pokemon/89.png
145,3,61,90,Shellder,40,water,,13.333333333333334,https://raw.githubusercontent.com/PokeAPI/sprites/master/sprites/pokemon/90.png
146,15,184,91,Cloyster,1325,water,ice,88.33333333333333,https://raw.githubusercontent.com/PokeAPI/sprites/master/sprites/pokemon/91.png
147,13,62,92,Gastly,1,ghost,poison,0.07692307692307693,https://raw.githubusercontent.com/PokeAPI/sprites/master/sprites/pokemon/92.png
148,16,142,93,Haunter,1,ghost,poison,0.0625,https://raw.githubusercontent.com/PokeAPI/sprites/master/sprites/pokemon/93.png
149,15,250,94,Gengar,405,ghost,poison,27.0,https://raw.githubusercontent.com/PokeAPI/sprites/master/sprites/pokemon/94.png
151,88,77,95,Onix,2100,rock,ground,23.863636363636363,https://raw.githubusercontent.com/PokeAPI/sprites/master/sprites/pokemon/95.png
154,10,66,96,Drowzee,324,psychic,,32.4,https://raw.githubusercontent.com/PokeAPI/sprites/master/sprites/pokemon/96.png
155,16,169,97,Hypno,756,psychic,,47.25,https://raw.githubusercontent.com/PokeAPI/sprites/master/sprites/pokemon/97.png
156,4,65,98,Krabby,65,water,,16.25,https://raw.githubusercontent.com/PokeAPI/sprites/master/sprites/pokemon/98.png
157,13,166,99,Kingler,600,water,,46.15384615384615,https://raw.githubusercontent.com/PokeAPI/sprites/master/sprites/pokemon/99.png
158,5,66,100,Voltorb,104,electric,,20.8,https://raw.githubusercontent.com/PokeAPI/sprites/master/sprites/pokemon/100.png
159,12,172,101,Electrode,666,electric,,55.5,https://raw.githubusercontent.com/PokeAPI/sprites/master/sprites/pokemon/101.png
160,4,65,102,Exeggcute,25,grass,psychic,6.25,https://raw.githubusercontent.com/PokeAPI/sprites/master/sprites/pokemon/102.png
161,20,186,103,Exeggutor,1200,grass,psychic,60.0,https://raw.githubusercontent.com/PokeAPI/sprites/master/sprites/pokemon/103.png
163,4,64,104,Cubone,65,ground,,16.25,https://raw.githubusercontent.com/PokeAPI/sprites/master/sprites/pokemon/104.png
164,10,149,105,Marowak,450,ground,,45.0,https://raw.githubusercontent.com/PokeAPI/sprites/master/sprites/pokemon/105.png
168,15,159,106,Hitmonlee,498,fighting,,33.2,https://raw.githubusercontent.com/PokeAPI/sprites/master/sprites/pokemon/106.png
169,14,159,107,Hitmonchan,502,fighting,,35.857142857142854,https://raw.githubusercontent.com/PokeAPI/sprites/master/sprites/pokemon/107.png
171,12,77,108,Lickitung,655,normal,,54.583333333333336,https://raw.githubusercontent.com/PokeAPI/sprites/master/sprites/pokemon/108.png
173,6,68,109,Koffing,10,poison,,1.6666666666666667,https://raw.githubusercontent.com/PokeAPI/sprites/master/sprites/pokemon/109.png
174,12,172,110,Weezing,95,poison,,7.916666666666667,https://raw.githubusercontent.com/PokeAPI/sprites/master/sprites/pokemon/110.png
176,10,69,111,Rhyhorn,1150,ground,rock,115.0,https://raw.githubusercontent.com/PokeAPI/sprites/master/sprites/pokemon/111.png
177,19,170,112,Rhydon,1200,ground,rock,63.1578947368421,https://raw.githubusercontent.com/PokeAPI/sprites/master/sprites/pokemon/112.png
180,11,395,113,Chansey,346,normal,,31.454545454545453,https://raw.githubusercontent.com/PokeAPI/sprites/master/sprites/pokemon/113.png
182,10,87,114,Tangela,350,grass,,35.0,https://raw.githubusercontent.com/PokeAPI/sprites/master/sprites/pokemon/114.png
184,22,172,115,Kangaskhan,800,normal,,36.36363636363637,https://raw.githubusercontent.com/PokeAPI/sprites/master/sprites/pokemon/115.png
186,4,59,116,Horsea,80,water,,20.0,https://raw.githubusercontent.com/PokeAPI/sprites/master/sprites/pokemon/116.png
187,12,154,117,Seadra,250,water,,20.833333333333332,https://raw.githubusercontent.com/PokeAPI/sprites/master/sprites/pokemon/117.png
189,6,64,118,Goldeen,150,water,,25.0,https://raw.githubusercontent.com/PokeAPI/sprites/master/sprites/pokemon/118.png
190,13,158,119,Seaking,390,water,,30.0,https://raw.githubusercontent.com/PokeAPI/sprites/master/sprites/pokemon/119.png
191,8,68,120,Staryu,345,water,,43.125,https://raw.githubusercontent.com/PokeAPI/sprites/master/sprites/pokemon/120.png
192,11,182,121,Starmie,800,water,psychic,72.72727272727273,https://raw.githubusercontent.com/PokeAPI/sprites/master/sprites/pokemon/121.png
194,13,161,122,Mr-mime,545,psychic,fairy,41.92307692307692,https://raw.githubusercontent.com/PokeAPI/sprites/master/sprites/pokemon/122.png
196,15,100,123,Scyther,560,bug,flying,37.333333333333336,https://raw.githubusercontent.com/PokeAPI/sprites/master/sprites/pokemon/123.png
200,14,159,124,Jynx,406,ice,psychic,29.0,https://raw.githubusercontent.com/PokeAPI/sprites/master/sprites/pokemon/124.png
202,11,172,125,Electabuzz,300,electric,,27.272727272727273,https://raw.githubusercontent.com/PokeAPI/sprites/master/sprites/pokemon/125.png
205,13,173,126,Magmar,445,fire,,34.23076923076923,https://raw.githubusercontent.com/PokeAPI/sprites/master/sprites/pokemon/126.png
207,15,175,127,Pinsir,550,bug,,36.666666666666664,https://raw.githubusercontent.com/PokeAPI/sprites/master/sprites/pokemon/127.png
209,14,172,128,Tauros,884,normal,,63.142857142857146,https://raw.githubusercontent.com/PokeAPI/sprites/master/sprites/pokemon/128.png
210,9,40,129,Magikarp,100,water,,11.11111111111111,https://raw.githubusercontent.com/PokeAPI/sprites/master/sprites/pokemon/129.png
211,65,189,130,Gyarados,2350,water,flying,36.15384615384615,https://raw.githubusercontent.com/PokeAPI/sprites/master/sprites/pokemon/130.png
213,25,187,131,Lapras,2200,water,ice,88.0,https://raw.githubusercontent.com/PokeAPI/sprites/master/sprites/pokemon/131.png
214,3,101,132,Ditto,40,normal,,13.333333333333334,https://raw.githubusercontent.com/PokeAPI/sprites/master/sprites/pokemon/132.png
215,3,65,133,Eevee,65,normal,,21.666666666666668,https://raw.githubusercontent.com/PokeAPI/sprites/master/sprites/pokemon/133.png
217,10,184,134,Vaporeon,290,water,,29.0,https://raw.githubusercontent.com/PokeAPI/sprites/master/sprites/pokemon/134.png
218,8,184,135,Jolteon,245,electric,,30.625,https://raw.githubusercontent.com/PokeAPI/sprites/master/sprites/pokemon/135.png
219,9,184,136,Flareon,250,fire,,27.77777777777778,https://raw.githubusercontent.com/PokeAPI/sprites/master/sprites/pokemon/136.png
225,8,79,137,Porygon,365,normal,,45.625,https://raw.githubusercontent.com/PokeAPI/sprites/master/sprites/pokemon/137.png
228,4,71,138,Omanyte,75,rock,water,18.75,https://raw.githubusercontent.com/PokeAPI/sprites/master/sprites/pokemon/138.png
229,10,173,139,Omastar,350,rock,water,35.0,https://raw.githubusercontent.com/PokeAPI/sprites/master/sprites/pokemon/139.png
230,5,71,140,Kabuto,115,rock,water,23.0,https://raw.githubusercontent.com/PokeAPI/sprites/master/sprites/pokemon/140.png
231,13,173,141,Kabutops,405,rock,water,31.153846153846153,https://raw.githubusercontent.com/PokeAPI/sprites/master/sprites/pokemon/141.png
232,18,180,142,Aerodactyl,590,rock,flying,32.77777777777778,https://raw.githubusercontent.com/PokeAPI/sprites/master/sprites/pokemon/142.png
235,21,189,143,Snorlax,4600,normal,,219.04761904761904,https://raw.githubusercontent.com/PokeAPI/sprites/master/sprites/pokemon/143.png
236,17,290,144,Articuno,554,ice,flying,32.588235294117645,https://raw.githubusercontent.com/PokeAPI/sprites/master/sprites/pokemon/144.png
238,16,290,145,Zapdos,526,electric,flying,32.875,https://raw.githubusercontent.com/PokeAPI/sprites/master/sprites/pokemon/145.png
240,20,290,146,Moltres,600,fire,flying,30.0,https://raw.githubusercontent.com/PokeAPI/sprites/master/sprites/pokemon/146.png
242,18,60,147,Dratini,33,dragon,,1.8333333333333333,https://raw.githubusercontent.com/PokeAPI/sprites/master/sprites/pokemon/147.png
243,40,147,148,Dragonair,165,dragon,,4.125,https://raw.githubusercontent.com/PokeAPI/sprites/master/sprites/pokemon/148.png
244,22,300,149,Dragonite,2100,dragon,flying,95.45454545454545,https://raw.githubusercontent.com/PokeAPI/sprites/master/sprites/pokemon/149.png
245,20,340,150,Mewtwo,1220,psychic,,61.0,https://raw.githubusercontent.com/PokeAPI/sprites/master/sprites/pokemon/150.png
248,4,300,151,Mew,40,psychic,,10.0,https://raw.githubusercontent.com/PokeAPI/sprites/master/sprites/pokemon/151.png
249,9,64,152,Chikorita,64,grass,,7.111111111111111,https://raw.githubusercontent.com/PokeAPI/sprites/master/sprites/pokemon/152.png
250,12,142,153,Bayleef,158,grass,,13.166666666666666,https://raw.githubusercontent.com/PokeAPI/sprites/master/sprites/pokemon/153.png
251,18,236,154,Meganium,1005,grass,,55.833333333333336,https://raw.githubusercontent.com/PokeAPI/sprites/master/sprites/pokemon/154.png
252,5,62,155,Cyndaquil,79,fire,,15.8,https://raw.githubusercontent.com/PokeAPI/sprites/master/sprites/pokemon/155.png
253,9,142,156,Quilava,190,fire,,21.11111111111111,https://raw.githubusercontent.com/PokeAPI/sprites/master/sprites/pokemon/156.png
254,17,240,157,Typhlosion,795,fire,,46.76470588235294,https://raw.githubusercontent.com/PokeAPI/sprites/master/sprites/pokemon/157.png
255,6,63,158,Totodile,95,water,,15.833333333333334,https://raw.githubusercontent.com/PokeAPI/sprites/master/sprites/pokemon/158.png
256,11,142,159,Croconaw,250,water,,22.727272727272727,https://raw.githubusercontent.com/PokeAPI/sprites/master/sprites/pokemon/159.png
257,23,239,160,Feraligatr,888,water,,38.608695652173914,https://raw.githubusercontent.com/PokeAPI/sprites/master/sprites/pokemon/160.png
258,8,43,161,Sentret,60,normal,,7.5,https://raw.githubusercontent.com/PokeAPI/sprites/master/sprites/pokemon/161.png
259,18,145,162,Furret,325,normal,,18.055555555555557,https://raw.githubusercontent.com/PokeAPI/sprites/master/sprites/pokemon/162.png
260,7,52,163,Hoothoot,212,normal,flying,30.285714285714285,https://raw.githubusercontent.com/PokeAPI/sprites/master/sprites/pokemon/163.png
261,16,158,164,Noctowl,408,normal,flying,25.5,https://raw.githubusercontent.com/PokeAPI/sprites/master/sprites/pokemon/164.png
262,10,53,165,Ledyba,108,bug,flying,10.8,https://raw.githubusercontent.com/PokeAPI/sprites/master/sprites/pokemon/165.png
263,14,137,166,Ledian,356,bug,flying,25.428571428571427,https://raw.githubusercontent.com/PokeAPI/sprites/master/sprites/pokemon/166.png
264,5,50,167,Spinarak,85,bug,poison,17.0,https://raw.githubusercontent.com/PokeAPI/sprites/master/sprites/pokemon/167.png
265,11,140,168,Ariados,335,bug,poison,30.454545454545453,https://raw.githubusercontent.com/PokeAPI/sprites/master/sprites/pokemon/168.png
75,18,268,169,Crobat,750,poison,flying,41.666666666666664,https://raw.githubusercontent.com/PokeAPI/sprites/master/sprites/pokemon/169.png
266,5,66,170,Chinchou,120,water,electric,24.0,https://raw.githubusercontent.com/PokeAPI/sprites/master/sprites/pokemon/170.png
267,12,161,171,Lanturn,225,water,electric,18.75,https://raw.githubusercontent.com/PokeAPI/sprites/master/sprites/pokemon/171.png
34,3,41,172,Pichu,20,electric,,6.666666666666667,https://raw.githubusercontent.com/PokeAPI/sprites/master/sprites/pokemon/172.png
63,3,44,173,Cleffa,30,fairy,,10.0,https://raw.githubusercontent.com/PokeAPI/sprites/master/sprites/pokemon/173.png
70,3,42,174,Igglybuff,10,normal,fairy,3.3333333333333335,https://raw.githubusercontent.com/PokeAPI/sprites/master/sprites/pokemon/174.png
268,3,49,175,Togepi,15,fairy,,5.0,https://raw.githubusercontent.com/PokeAPI/sprites/master/sprites/pokemon/175.png
269,6,142,176,Togetic,32,fairy,flying,5.333333333333333,https://raw.githubusercontent.com/PokeAPI/sprites/master/sprites/pokemon/176.png
271,2,64,177,Natu,20,psychic,flying,10.0,https://raw.githubusercontent.com/PokeAPI/sprites/master/sprites/pokemon/177.png
272,15,165,178,Xatu,150,psychic,flying,10.0,https://raw.githubusercontent.com/PokeAPI/sprites/master/sprites/pokemon/178.png
273,6,56,179,Mareep,78,electric,,13.0,https://raw.githubusercontent.com/PokeAPI/sprites/master/sprites/pokemon/179.png
274,8,128,180,Flaaffy,133,electric,,16.625,https://raw.githubusercontent.com/PokeAPI/sprites/master/sprites/pokemon/180.png
275,14,230,181,Ampharos,615,electric,,43.92857142857143,https://raw.githubusercontent.com/PokeAPI/sprites/master/sprites/pokemon/181.png
79,4,245,182,Bellossom,58,grass,,14.5,https://raw.githubusercontent.com/PokeAPI/sprites/master/sprites/pokemon/182.png
278,4,88,183,Marill,85,water,fairy,21.25,https://raw.githubusercontent.com/PokeAPI/sprites/master/sprites/pokemon/183.png
279,8,210,184,Azumarill,285,water,fairy,35.625,https://raw.githubusercontent.com/PokeAPI/sprites/master/sprites/pokemon/184.png
281,12,144,185,Sudowoodo,380,rock,,31.666666666666668,https://raw.githubusercontent.com/PokeAPI/sprites/master/sprites/pokemon/185.png
102,11,250,186,Politoed,339,water,,30.818181818181817,https://raw.githubusercontent.com/PokeAPI/sprites/master/sprites/pokemon/186.png
282,4,50,187,Hoppip,5,grass,flying,1.25,https://raw.githubusercontent.com/PokeAPI/sprites/master/sprites/pokemon/187.png
283,6,119,188,Skiploom,10,grass,flying,1.6666666666666667,https://raw.githubusercontent.com/PokeAPI/sprites/master/sprites/pokemon/188.png
284,8,207,189,Jumpluff,30,grass,flying,3.75,https://raw.githubusercontent.com/PokeAPI/sprites/master/sprites/pokemon/189.png
285,8,72,190,Aipom,115,normal,,14.375,https://raw.githubusercontent.com/PokeAPI/sprites/master/sprites/pokemon/190.png
287,3,36,191,Sunkern,18,grass,,6.0,https://raw.githubusercontent.com/PokeAPI/sprites/master/sprites/pokemon/191.png
288,8,149,192,Sunflora,85,grass,,10.625,https://raw.githubusercontent.com/PokeAPI/sprites/master/sprites/pokemon/192.png
289,12,78,193,Yanma,380,bug,flying,31.666666666666668,https://raw.githubusercontent.com/PokeAPI/sprites/master/sprites/pokemon/193.png
291,4,42,194,Wooper,85,water,ground,21.25,https://raw.githubusercontent.com/PokeAPI/sprites/master/sprites/pokemon/194.png
292,14,151,195,Quagsire,750,water,ground,53.57142857142857,https://raw.githubusercontent.com/PokeAPI/sprites/master/sprites/pokemon/195.png
220,9,184,196,Espeon,265,psychic,,29.444444444444443,https://raw.githubusercontent.com/PokeAPI/sprites/master/sprites/pokemon/196.png
221,10,184,197,Umbreon,270,dark,,27.0,https://raw.githubusercontent.com/PokeAPI/sprites/master/sprites/pokemon/197.png
293,5,81,198,Murkrow,21,dark,flying,4.2,https://raw.githubusercontent.com/PokeAPI/sprites/master/sprites/pokemon/198.png
130,20,172,199,Slowking,795,water,psychic,39.75,https://raw.githubusercontent.com/PokeAPI/sprites/master/sprites/pokemon/199.png
295,7,87,200,Misdreavus,10,ghost,,1.4285714285714286,https://raw.githubusercontent.com/PokeAPI/sprites/master/sprites/pokemon/200.png
297,5,118,201,Unown,50,psychic,,10.0,https://raw.githubusercontent.com/PokeAPI/sprites/master/sprites/pokemon/201.png
299,13,142,202,Wobbuffet,285,psychic,,21.923076923076923,https://raw.githubusercontent.com/PokeAPI/sprites/master/sprites/pokemon/202.png
300,15,159,203,Girafarig,415,normal,psychic,27.666666666666668,https://raw.githubusercontent.com/PokeAPI/sprites/master/sprites/pokemon/203.png
301,6,58,204,Pineco,72,bug,,12.0,https://raw.githubusercontent.com/PokeAPI/sprites/master/sprites/pokemon/204.png
302,12,163,205,Forretress,1258,bug,steel,104.83333333333333,https://raw.githubusercontent.com/PokeAPI/sprites/master/sprites/pokemon/205.png
303,15,145,206,Dunsparce,140,normal,,9.333333333333334,https://raw.githubusercontent.com/PokeAPI/sprites/master/sprites/pokemon/206.png
304,11,86,207,Gligar,648,ground,flying,58.90909090909091,https://raw.githubusercontent.com/PokeAPI/sprites/master/sprites/pokemon/207.png
152,92,179,208,Steelix,4000,steel,ground,43.47826086956522,https://raw.githubusercontent.com/PokeAPI/sprites/master/sprites/pokemon/208.png
306,6,60,209,Snubbull,78,fairy,,13.0,https://raw.githubusercontent.com/PokeAPI/sprites/master/sprites/pokemon/209.png
307,14,158,210,Granbull,487,fairy,,34.785714285714285,https://raw.githubusercontent.com/PokeAPI/sprites/master/sprites/pokemon/210.png
308,5,88,211,Qwilfish,39,water,poison,7.8,https://raw.githubusercontent.com/PokeAPI/sprites/master/sprites/pokemon/211.png
197,18,175,212,Scizor,1180,bug,steel,65.55555555555556,https://raw.githubusercontent.com/PokeAPI/sprites/master/sprites/pokemon/212.png
309,6,177,213,Shuckle,205,bug,rock,34.166666666666664,https://raw.githubusercontent.com/PokeAPI/sprites/master/sprites/pokemon/213.png
310,15,175,214,Heracross,540,bug,fighting,36.0,https://raw.githubusercontent.com/PokeAPI/sprites/master/sprites/pokemon/214.png
312,9,86,215,Sneasel,280,dark,ice,31.11111111111111,https://raw.githubusercontent.com/PokeAPI/sprites/master/sprites/pokemon/215.png
314,6,66,216,Teddiursa,88,normal,,14.666666666666666,https://raw.githubusercontent.com/PokeAPI/sprites/master/sprites/pokemon/216.png
315,18,175,217,Ursaring,1258,normal,,69.88888888888889,https://raw.githubusercontent.com/PokeAPI/sprites/master/sprites/pokemon/217.png
316,7,50,218,Slugma,350,fire,,50.0,https://raw.githubusercontent.com/PokeAPI/sprites/master/sprites/pokemon/218.png
317,8,151,219,Magcargo,550,fire,rock,68.75,https://raw.githubusercontent.com/PokeAPI/sprites/master/sprites/pokemon/219.png
318,4,50,220,Swinub,65,ice,ground,16.25,https://raw.githubusercontent.com/PokeAPI/sprites/master/sprites/pokemon/220.png
319,11,158,221,Piloswine,558,ice,ground,50.72727272727273,https://raw.githubusercontent.com/PokeAPI/sprites/master/sprites/pokemon/221.png
321,6,144,222,Corsola,50,water,rock,8.333333333333334,https://raw.githubusercontent.com/PokeAPI/sprites/master/sprites/pokemon/222.png
323,6,60,223,Remoraid,120,water,,20.0,https://raw.githubusercontent.com/PokeAPI/sprites/master/sprites/pokemon/223.png
324,9,168,224,Octillery,285,water,,31.666666666666668,https://raw.githubusercontent.com/PokeAPI/sprites/master/sprites/pokemon/224.png
325,9,116,225,Delibird,160,ice,flying,17.77777777777778,https://raw.githubusercontent.com/PokeAPI/sprites/master/sprites/pokemon/225.png
327,21,170,226,Mantine,2200,water,flying,104.76190476190476,https://raw.githubusercontent.com/PokeAPI/sprites/master/sprites/pokemon/226.png
328,17,163,227,Skarmory,505,steel,flying,29.705882352941178,https://raw.githubusercontent.com/PokeAPI/sprites/master/sprites/pokemon/227.png
329,6,66,228,Houndour,108,dark,fire,18.0,https://raw.githubusercontent.com/PokeAPI/sprites/master/sprites/pokemon/228.png
330,14,175,229,Houndoom,350,dark,fire,25.0,https://raw.githubusercontent.com/PokeAPI/sprites/master/sprites/pokemon/229.png
188,18,270,230,Kingdra,1520,water,dragon,84.44444444444444,https://raw.githubusercontent.com/PokeAPI/sprites/master/sprites/pokemon/230.png
332,5,66,231,Phanpy,335,ground,,67.0,https://raw.githubusercontent.com/PokeAPI/sprites/master/sprites/pokemon/231.png
333,11,175,232,Donphan,1200,ground,,109.0909090909091,https://raw.githubusercontent.com/PokeAPI/sprites/master/sprites/pokemon/232.png
226,6,180,233,Porygon2,325,normal,,54.166666666666664,https://raw.githubusercontent.com/PokeAPI/sprites/master/sprites/pokemon/233.png
334,14,163,234,Stantler,712,normal,,50.857142857142854,https://raw.githubusercontent.com/PokeAPI/sprites/master/sprites/pokemon/234.png
335,12,88,235,Smeargle,580,normal,,48.333333333333336,https://raw.githubusercontent.com/PokeAPI/sprites/master/sprites/pokemon/235.png
167,7,42,236,Tyrogue,210,fighting,,30.0,https://raw.githubusercontent.com/PokeAPI/sprites/master/sprites/pokemon/236.png
170,14,159,237,Hitmontop,480,fighting,,34.285714285714285,https://raw.githubusercontent.com/PokeAPI/sprites/master/sprites/pokemon/237.png
199,4,61,238,Smoochum,60,ice,psychic,15.0,https://raw.githubusercontent.com/PokeAPI/sprites/master/sprites/pokemon/238.png
201,6,72,239,Elekid,235,electric,,39.166666666666664,https://raw.githubusercontent.com/PokeAPI/sprites/master/sprites/pokemon/239.png
204,7,73,240,Magby,214,fire,,30.571428571428573,https://raw.githubusercontent.com/PokeAPI/sprites/master/sprites/pokemon/240.png
336,12,172,241,Miltank,755,normal,,62.916666666666664,https://raw.githubusercontent.com/PokeAPI/sprites/master/sprites/pokemon/241.png
181,15,635,242,Blissey,468,normal,,31.2,https://raw.githubusercontent.com/PokeAPI/sprites/master/sprites/pokemon/242.png
337,19,290,243,Raikou,1780,electric,,93.6842105263158,https://raw.githubusercontent.com/PokeAPI/sprites/master/sprites/pokemon/243.png
338,21,290,244,Entei,1980,fire,,94.28571428571429,https://raw.githubusercontent.com/PokeAPI/sprites/master/sprites/pokemon/244.png
339,20,290,245,Suicune,1870,water,,93.5,https://raw.githubusercontent.com/PokeAPI/sprites/master/sprites/pokemon/245.png
340,6,60,246,Larvitar,720,rock,ground,120.0,https://raw.githubusercontent.com/PokeAPI/sprites/master/sprites/pokemon/246.png
341,12,144,247,Pupitar,1520,rock,ground,126.66666666666667,https://raw.githubusercontent.com/PokeAPI/sprites/master/sprites/pokemon/247.png
342,20,300,248,Tyranitar,2020,rock,dark,101.0,https://raw.githubusercontent.com/PokeAPI/sprites/master/sprites/pokemon/248.png
344,52,340,249,Lugia,2160,psychic,flying,41.53846153846154,https://raw.githubusercontent.com/PokeAPI/sprites/master/sprites/pokemon/249.png
345,38,340,250,Ho-oh,1990,fire,flying,52.36842105263158,https://raw.githubusercontent.com/PokeAPI/sprites/master/sprites/pokemon/250.png
346,6,300,251,Celebi,50,psychic,grass,8.333333333333334,https://raw.githubusercontent.com/PokeAPI/sprites/master/sprites/pokemon/251.png
347,5,62,252,Treecko,50,grass,,10.0,https://raw.githubusercontent.com/PokeAPI/sprites/master/sprites/pokemon/252.png
348,9,142,253,Grovyle,216,grass,,24.0,https://raw.githubusercontent.com/PokeAPI/sprites/master/sprites/pokemon/253.png
349,17,265,254,Sceptile,522,grass,,30.705882352941178,https://raw.githubusercontent.com/PokeAPI/sprites/master/sprites/pokemon/254.png
351,4,62,255,Torchic,25,fire,,6.25,https://raw.githubusercontent.com/PokeAPI/sprites/master/sprites/pokemon/255.png
352,9,142,256,Combusken,195,fire,fighting,21.666666666666668,https://raw.githubusercontent.com/PokeAPI/sprites/master/sprites/pokemon/256.png
353,19,265,257,Blaziken,520,fire,fighting,27.36842105263158,https://raw.githubusercontent.com/PokeAPI/sprites/master/sprites/pokemon/257.png
355,4,62,258,Mudkip,76,water,,19.0,https://raw.githubusercontent.com/PokeAPI/sprites/master/sprites/pokemon/258.png
356,7,142,259,Marshtomp,280,water,ground,40.0,https://raw.githubusercontent.com/PokeAPI/sprites/master/sprites/pokemon/259.png
357,15,268,260,Swampert,819,water,ground,54.6,https://raw.githubusercontent.com/PokeAPI/sprites/master/sprites/pokemon/260.png
359,5,56,261,Poochyena,136,dark,,27.2,https://raw.githubusercontent.com/PokeAPI/sprites/master/sprites/pokemon/261.png
360,10,147,262,Mightyena,370,dark,,37.0,https://raw.githubusercontent.com/PokeAPI/sprites/master/sprites/pokemon/262.png
361,4,56,263,Zigzagoon,175,normal,,43.75,https://raw.githubusercontent.com/PokeAPI/sprites/master/sprites/pokemon/263.png
363,5,147,264,Linoone,325,normal,,65.0,https://raw.githubusercontent.com/PokeAPI/sprites/master/sprites/pokemon/264.png
365,3,56,265,Wurmple,36,bug,,12.0,https://raw.githubusercontent.com/PokeAPI/sprites/master/sprites/pokemon/265.png
366,6,72,266,Silcoon,100,bug,,16.666666666666668,https://raw.githubusercontent.com/PokeAPI/sprites/master/sprites/pokemon/266.png
367,10,178,267,Beautifly,284,bug,flying,28.4,https://raw.githubusercontent.com/PokeAPI/sprites/master/sprites/pokemon/267.png
368,7,72,268,Cascoon,115,bug,,16.428571428571427,https://raw.githubusercontent.com/PokeAPI/sprites/master/sprites/pokemon/268.png
369,12,173,269,Dustox,316,bug,poison,26.333333333333332,https://raw.githubusercontent.com/PokeAPI/sprites/master/sprites/pokemon/269.png
370,5,44,270,Lotad,26,water,grass,5.2,https://raw.githubusercontent.com/PokeAPI/sprites/master/sprites/pokemon/270.png
371,12,119,271,Lombre,325,water,grass,27.083333333333332,https://raw.githubusercontent.com/PokeAPI/sprites/master/sprites/pokemon/271.png
372,15,240,272,Ludicolo,550,water,grass,36.666666666666664,https://raw.githubusercontent.com/PokeAPI/sprites/master/sprites/pokemon/272.png
373,5,44,273,Seedot,40,grass,,8.0,https://raw.githubusercontent.com/PokeAPI/sprites/master/sprites/pokemon/273.png
374,10,119,274,Nuzleaf,280,grass,dark,28.0,https://raw.githubusercontent.com/PokeAPI/sprites/master/sprites/pokemon/274.png
375,13,240,275,Shiftry,596,grass,dark,45.84615384615385,https://raw.githubusercontent.com/PokeAPI/sprites/master/sprites/pokemon/275.png
376,3,54,276,Taillow,23,normal,flying,7.666666666666667,https://raw.githubusercontent.com/PokeAPI/sprites/master/sprites/pokemon/276.png
377,7,159,277,Swellow,198,normal,flying,28.285714285714285,https://raw.githubusercontent.com/PokeAPI/sprites/master/sprites/pokemon/277.png
378,6,54,278,Wingull,95,water,flying,15.833333333333334,https://raw.githubusercontent.com/PokeAPI/sprites/master/sprites/pokemon/278.png
379,12,154,279,Pelipper,280,water,flying,23.333333333333332,https://raw.githubusercontent.com/PokeAPI/sprites/master/sprites/pokemon/279.png
380,4,40,280,Ralts,66,psychic,fairy,16.5,https://raw.githubusercontent.com/PokeAPI/sprites/master/sprites/pokemon/280.png
381,8,97,281,Kirlia,202,psychic,fairy,25.25,https://raw.githubusercontent.com/PokeAPI/sprites/master/sprites/pokemon/281.png
382,16,259,282,Gardevoir,484,psychic,fairy,30.25,https://raw.githubusercontent.com/PokeAPI/sprites/master/sprites/pokemon/282.png
386,5,54,283,Surskit,17,bug,water,3.4,https://raw.githubusercontent.com/PokeAPI/sprites/master/sprites/pokemon/283.png
387,8,159,284,Masquerain,36,bug,flying,4.5,https://raw.githubusercontent.com/PokeAPI/sprites/master/sprites/pokemon/284.png
388,4,59,285,Shroomish,45,grass,,11.25,https://raw.githubusercontent.com/PokeAPI/sprites/master/sprites/pokemon/285.png
389,12,161,286,Breloom,392,grass,fighting,32.666666666666664,https://raw.githubusercontent.com/PokeAPI/sprites/master/sprites/pokemon/286.png
390,8,56,287,Slakoth,240,normal,,30.0,https://raw.githubusercontent.com/PokeAPI/sprites/master/sprites/pokemon/287.png
391,14,154,288,Vigoroth,465,normal,,33.214285714285715,https://raw.githubusercontent.com/PokeAPI/sprites/master/sprites/pokemon/288.png
392,20,252,289,Slaking,1305,normal,,65.25,https://raw.githubusercontent.com/PokeAPI/sprites/master/sprites/pokemon/289.png
393,5,53,290,Nincada,55,bug,ground,11.0,https://raw.githubusercontent.com/PokeAPI/sprites/master/sprites/pokemon/290.png
394,8,160,291,Ninjask,120,bug,flying,15.0,https://raw.githubusercontent.com/PokeAPI/sprites/master/sprites/pokemon/291.png
395,8,83,292,Shedinja,12,bug,ghost,1.5,https://raw.githubusercontent.com/PokeAPI/sprites/master/sprites/pokemon/292.png
396,6,48,293,Whismur,163,normal,,27.166666666666668,https://raw.githubusercontent.com/PokeAPI/sprites/master/sprites/pokemon/293.png
397,10,126,294,Loudred,405,normal,,40.5,https://raw.githubusercontent.com/PokeAPI/sprites/master/sprites/pokemon/294.png
398,15,245,295,Exploud,840,normal,,56.0,https://raw.githubusercontent.com/PokeAPI/sprites/master/sprites/pokemon/295.png
399,10,47,296,Makuhita,864,fighting,,86.4,https://raw.githubusercontent.com/PokeAPI/sprites/master/sprites/pokemon/296.png
400,23,166,297,Hariyama,2538,fighting,,110.34782608695652,https://raw.githubusercontent.com/PokeAPI/sprites/master/sprites/pokemon/297.png
277,2,38,298,Azurill,20,normal,fairy,10.0,https://raw.githubusercontent.com/PokeAPI/sprites/master/sprites/pokemon/298.png
401,10,75,299,Nosepass,970,rock,,97.0,https://raw.githubusercontent.com/PokeAPI/sprites/master/sprites/pokemon/299.png
403,6,52,300,Skitty,110,normal,,18.333333333333332,https://raw.githubusercontent.com/PokeAPI/sprites/master/sprites/pokemon/300.png
404,11,140,301,Delcatty,326,normal,,29.636363636363637,https://raw.githubusercontent.com/PokeAPI/sprites/master/sprites/pokemon/301.png
405,5,133,302,Sableye,110,dark,ghost,22.0,https://raw.githubusercontent.com/PokeAPI/sprites/master/sprites/pokemon/302.png
407,6,133,303,Mawile,115,steel,fairy,19.166666666666668,https://raw.githubusercontent.com/PokeAPI/sprites/master/sprites/pokemon/303.png
409,4,66,304,Aron,600,steel,rock,150.0,https://raw.githubusercontent.com/PokeAPI/sprites/master/sprites/pokemon/304.png
410,9,151,305,Lairon,1200,steel,rock,133.33333333333334,https://raw.githubusercontent.com/PokeAPI/sprites/master/sprites/pokemon/305.png
411,21,265,306,Aggron,3600,steel,rock,171.42857142857142,https://raw.githubusercontent.com/PokeAPI/sprites/master/sprites/pokemon/306.png
413,6,56,307,Meditite,112,fighting,psychic,18.666666666666668,https://raw.githubusercontent.com/PokeAPI/sprites/master/sprites/pokemon/307.png
414,13,144,308,Medicham,315,fighting,psychic,24.23076923076923,https://raw.githubusercontent.com/PokeAPI/sprites/master/sprites/pokemon/308.png
416,6,59,309,Electrike,152,electric,,25.333333333333332,https://raw.githubusercontent.com/PokeAPI/sprites/master/sprites/pokemon/309.png
417,15,166,310,Manectric,402,electric,,26.8,https://raw.githubusercontent.com/PokeAPI/sprites/master/sprites/pokemon/310.png
419,4,142,311,Plusle,42,electric,,10.5,https://raw.githubusercontent.com/PokeAPI/sprites/master/sprites/pokemon/311.png
420,4,142,312,Minun,42,electric,,10.5,https://raw.githubusercontent.com/PokeAPI/sprites/master/sprites/pokemon/312.png
421,7,151,313,Volbeat,177,bug,,25.285714285714285,https://raw.githubusercontent.com/PokeAPI/sprites/master/sprites/pokemon/313.png
422,6,151,314,Illumise,177,bug,,29.5,https://raw.githubusercontent.com/PokeAPI/sprites/master/sprites/pokemon/314.png
424,3,140,315,Roselia,20,grass,poison,6.666666666666667,https://raw.githubusercontent.com/PokeAPI/sprites/master/sprites/pokemon/315.png
426,4,60,316,Gulpin,103,poison,,25.75,https://raw.githubusercontent.com/PokeAPI/sprites/master/sprites/pokemon/316.png
427,17,163,317,Swalot,800,poison,,47.05882352941177,https://raw.githubusercontent.com/PokeAPI/sprites/master/sprites/pokemon/317.png
428,8,61,318,Carvanha,208,water,dark,26.0,https://raw.githubusercontent.com/PokeAPI/sprites/master/sprites/pokemon/318.png
429,18,161,319,Sharpedo,888,water,dark,49.333333333333336,https://raw.githubusercontent.com/PokeAPI/sprites/master/sprites/pokemon/319.png
431,20,80,320,Wailmer,1300,water,,65.0,https://raw.githubusercontent.com/PokeAPI/sprites/master/sprites/pokemon/320.png
432,145,175,321,Wailord,3980,water,,27.448275862068964,https://raw.githubusercontent.com/PokeAPI/sprites/master/sprites/pokemon/321.png
433,7,61,322,Numel,240,fire,ground,34.285714285714285,https://raw.githubusercontent.com/PokeAPI/sprites/master/sprites/pokemon/322.png
434,19,161,323,Camerupt,2200,fire,ground,115.78947368421052,https://raw.githubusercontent.com/PokeAPI/sprites/master/sprites/pokemon/323.png
436,5,165,324,Torkoal,804,fire,,160.8,https://raw.githubusercontent.com/PokeAPI/sprites/master/sprites/pokemon/324.png
437,7,66,325,Spoink,306,psychic,,43.714285714285715,https://raw.githubusercontent.com/PokeAPI/sprites/master/sprites/pokemon/325.png
438,9,165,326,Grumpig,715,psychic,,79.44444444444444,https://raw.githubusercontent.com/PokeAPI/sprites/master/sprites/pokemon/326.png
439,11,126,327,Spinda,50,normal,,4.545454545454546,https://raw.githubusercontent.com/PokeAPI/sprites/master/sprites/pokemon/327.png
440,7,58,328,Trapinch,150,ground,,21.428571428571427,https://raw.githubusercontent.com/PokeAPI/sprites/master/sprites/pokemon/328.png
441,11,119,329,Vibrava,153,ground,dragon,13.909090909090908,https://raw.githubusercontent.com/PokeAPI/sprites/master/sprites/pokemon/329.png
442,20,260,330,Flygon,820,ground,dragon,41.0,https://raw.githubusercontent.com/PokeAPI/sprites/master/sprites/pokemon/330.png
443,4,67,331,Cacnea,513,grass,,128.25,https://raw.githubusercontent.com/PokeAPI/sprites/master/sprites/pokemon/331.png
444,13,166,332,Cacturne,774,grass,dark,59.53846153846154,https://raw.githubusercontent.com/PokeAPI/sprites/master/sprites/pokemon/332.png
445,4,62,333,Swablu,12,normal,flying,3.0,https://raw.githubusercontent.com/PokeAPI/sprites/master/sprites/pokemon/333.png
446,11,172,334,Altaria,206,dragon,flying,18.727272727272727,https://raw.githubusercontent.com/PokeAPI/sprites/master/sprites/pokemon/334.png
448,13,160,335,Zangoose,403,normal,,31.0,https://raw.githubusercontent.com/PokeAPI/sprites/master/sprites/pokemon/335.png
449,27,160,336,Seviper,525,poison,,19.444444444444443,https://raw.githubusercontent.com/PokeAPI/sprites/master/sprites/pokemon/336.png
450,10,161,337,Lunatone,1680,rock,psychic,168.0,https://raw.githubusercontent.com/PokeAPI/sprites/master/sprites/pokemon/337.png
451,12,161,338,Solrock,1540,rock,psychic,128.33333333333334,https://raw.githubusercontent.com/PokeAPI/sprites/master/sprites/pokemon/338.png
452,4,58,339,Barboach,19,water,ground,4.75,https://raw.githubusercontent.com/PokeAPI/sprites/master/sprites/pokemon/339.png
453,9,164,340,Whiscash,236,water,ground,26.22222222222222,https://raw.githubusercontent.com/PokeAPI/sprites/master/sprites/pokemon/340.png
454,6,62,341,Corphish,115,water,,19.166666666666668,https://raw.githubusercontent.com/PokeAPI/sprites/master/sprites/pokemon/341.png
455,11,164,342,Crawdaunt,328,water,dark,29.818181818181817,https://raw.githubusercontent.com/PokeAPI/sprites/master/sprites/pokemon/342.png
456,5,60,343,Baltoy,215,ground,psychic,43.0,https://raw.githubusercontent.com/PokeAPI/sprites/master/sprites/pokemon/343.png
457,15,175,344,Claydol,1080,ground,psychic,72.0,https://raw.githubusercontent.com/PokeAPI/sprites/master/sprites/pokemon/344.png
458,10,71,345,Lileep,238,rock,grass,23.8,https://raw.githubusercontent.com/PokeAPI/sprites/master/sprites/pokemon/345.png
459,15,173,346,Cradily,604,rock,grass,40.266666666666666,https://raw.githubusercontent.com/PokeAPI/sprites/master/sprites/pokemon/346.png
460,7,71,347,Anorith,125,rock,bug,17.857142857142858,https://raw.githubusercontent.com/PokeAPI/sprites/master/sprites/pokemon/347.png
461,15,173,348,Armaldo,682,rock,bug,45.46666666666667,https://raw.githubusercontent.com/PokeAPI/sprites/master/sprites/pokemon/348.png
462,6,40,349,Feebas,74,water,,12.333333333333334,https://raw.githubusercontent.com/PokeAPI/sprites/master/sprites/pokemon/349.png
463,62,189,350,Milotic,1620,water,,26.129032258064516,https://raw.githubusercontent.com/PokeAPI/sprites/master/sprites/pokemon/350.png
464,3,147,351,Castform,8,normal,,2.6666666666666665,https://raw.githubusercontent.com/PokeAPI/sprites/master/sprites/pokemon/351.png
468,10,154,352,Kecleon,220,normal,,22.0,https://raw.githubusercontent.com/PokeAPI/sprites/master/sprites/pokemon/352.png
469,6,59,353,Shuppet,23,ghost,,3.8333333333333335,https://raw.githubusercontent.com/PokeAPI/sprites/master/sprites/pokemon/353.png
470,11,159,354,Banette,125,ghost,,11.363636363636363,https://raw.githubusercontent.com/PokeAPI/sprites/master/sprites/pokemon/354.png
472,8,59,355,Duskull,150,ghost,,18.75,https://raw.githubusercontent.com/PokeAPI/sprites/master/sprites/pokemon/355.png
473,16,159,356,Dusclops,306,ghost,,19.125,https://raw.githubusercontent.com/PokeAPI/sprites/master/sprites/pokemon/356.png
475,20,161,357,Tropius,1000,grass,flying,50.0,https://raw.githubusercontent.com/PokeAPI/sprites/master/sprites/pokemon/357.png
477,6,159,358,Chimecho,10,psychic,,1.6666666666666667,https://raw.githubusercontent.com/PokeAPI/sprites/master/sprites/pokemon/358.png
478,12,163,359,Absol,470,dark,,39.166666666666664,https://raw.githubusercontent.com/PokeAPI/sprites/master/sprites/pokemon/359.png
298,6,52,360,Wynaut,140,psychic,,23.333333333333332,https://raw.githubusercontent.com/PokeAPI/sprites/master/sprites/pokemon/360.png
480,7,60,361,Snorunt,168,ice,,24.0,https://raw.githubusercontent.com/PokeAPI/sprites/master/sprites/pokemon/361.png
481,15,168,362,Glalie,2565,ice,,171.0,https://raw.githubusercontent.com/PokeAPI/sprites/master/sprites/pokemon/362.png
484,8,58,363,Spheal,395,ice,water,49.375,https://raw.githubusercontent.com/PokeAPI/sprites/master/sprites/pokemon/363.png
485,11,144,364,Sealeo,876,ice,water,79.63636363636364,https://raw.githubusercontent.com/PokeAPI/sprites/master/sprites/pokemon/364.png
486,14,265,365,Walrein,1506,ice,water,107.57142857142857,https://raw.githubusercontent.com/PokeAPI/sprites/master/sprites/pokemon/365.png
487,4,69,366,Clamperl,525,water,,131.25,https://raw.githubusercontent.com/PokeAPI/sprites/master/sprites/pokemon/366.png
488,17,170,367,Huntail,270,water,,15.882352941176471,https://raw.githubusercontent.com/PokeAPI/sprites/master/sprites/pokemon/367.png
489,18,170,368,Gorebyss,226,water,,12.555555555555555,https://raw.githubusercontent.com/PokeAPI/sprites/master/sprites/pokemon/368.png
490,10,170,369,Relicanth,234,water,rock,23.4,https://raw.githubusercontent.com/PokeAPI/sprites/master/sprites/pokemon/369.png
491,6,116,370,Luvdisc,87,water,,14.5,https://raw.githubusercontent.com/PokeAPI/sprites/master/sprites/pokemon/370.png
492,6,60,371,Bagon,421,dragon,,70.16666666666667,https://raw.githubusercontent.com/PokeAPI/sprites/master/sprites/pokemon/371.png
493,11,147,372,Shelgon,1105,dragon,,100.45454545454545,https://raw.githubusercontent.com/PokeAPI/sprites/master/sprites/pokemon/372.png
494,15,300,373,Salamence,1026,dragon,flying,68.4,https://raw.githubusercontent.com/PokeAPI/sprites/master/sprites/pokemon/373.png
496,6,60,374,Beldum,952,steel,psychic,158.66666666666666,https://raw.githubusercontent.com/PokeAPI/sprites/master/sprites/pokemon/374.png
497,12,147,375,Metang,2025,steel,psychic,168.75,https://raw.githubusercontent.com/PokeAPI/sprites/master/sprites/pokemon/375.png
498,16,300,376,Metagross,5500,steel,psychic,343.75,https://raw.githubusercontent.com/PokeAPI/sprites/master/sprites/pokemon/376.png
500,17,290,377,Regirock,2300,rock,,135.2941176470588,https://raw.githubusercontent.com/PokeAPI/sprites/master/sprites/pokemon/377.png
501,18,290,378,Regice,1750,ice,,97.22222222222223,https://raw.githubusercontent.com/PokeAPI/sprites/master/sprites/pokemon/378.png
502,19,290,379,Registeel,2050,steel,,107.89473684210526,https://raw.githubusercontent.com/PokeAPI/sprites/master/sprites/pokemon/379.png
503,14,300,380,Latias,400,dragon,psychic,28.571428571428573,https://raw.githubusercontent.com/PokeAPI/sprites/master/sprites/pokemon/380.png
505,20,300,381,Latios,600,dragon,psychic,30.0,https://raw.githubusercontent.com/PokeAPI/sprites/master/sprites/pokemon/381.png
507,45,335,382,Kyogre,3520,water,,78.22222222222223,https://raw.githubusercontent.com/PokeAPI/sprites/master/sprites/pokemon/382.png
509,35,335,383,Groudon,9500,ground,,271.42857142857144,https://raw.githubusercontent.com/PokeAPI/sprites/master/sprites/pokemon/383.png
511,70,340,384,Rayquaza,2065,dragon,flying,29.5,https://raw.githubusercontent.com/PokeAPI/sprites/master/sprites/pokemon/384.png
513,3,300,385,Jirachi,11,steel,psychic,3.6666666666666665,https://raw.githubusercontent.com/PokeAPI/sprites/master/sprites/pokemon/385.png
514,17,270,386,Deoxys-normal,608,psychic,,35.76470588235294,https://raw.githubusercontent.com/PokeAPI/sprites/master/sprites/pokemon/386.png
518,4,64,387,Turtwig,102,grass,,25.5,https://raw.githubusercontent.com/PokeAPI/sprites/master/sprites/pokemon/387.png
519,11,142,388,Grotle,970,grass,,88.18181818181819,https://raw.githubusercontent.com/PokeAPI/sprites/master/sprites/pokemon/388.png
520,22,236,389,Torterra,3100,grass,ground,140.9090909090909,https://raw.githubusercontent.com/PokeAPI/sprites/master/sprites/pokemon/389.png
521,5,62,390,Chimchar,62,fire,,12.4,https://raw.githubusercontent.com/PokeAPI/sprites/master/sprites/pokemon/390.png
522,9,142,391,Monferno,220,fire,fighting,24.444444444444443,https://raw.githubusercontent.com/PokeAPI/sprites/master/sprites/pokemon/391.png
523,12,240,392,Infernape,550,fire,fighting,45.833333333333336,https://raw.githubusercontent.com/PokeAPI/sprites/master/sprites/pokemon/392.png
524,4,63,393,Piplup,52,water,,13.0,https://raw.githubusercontent.com/PokeAPI/sprites/master/sprites/pokemon/393.png
525,8,142,394,Prinplup,230,water,,28.75,https://raw.githubusercontent.com/PokeAPI/sprites/master/sprites/pokemon/394.png
526,17,239,395,Empoleon,845,water,steel,49.705882352941174,https://raw.githubusercontent.com/PokeAPI/sprites/master/sprites/pokemon/395.png
527,3,49,396,Starly,20,normal,flying,6.666666666666667,https://raw.githubusercontent.com/PokeAPI/sprites/master/sprites/pokemon/396.png
528,6,119,397,Staravia,155,normal,flying,25.833333333333332,https://raw.githubusercontent.com/PokeAPI/sprites/master/sprites/pokemon/397.png
529,12,218,398,Staraptor,249,normal,flying,20.75,https://raw.githubusercontent.com/PokeAPI/sprites/master/sprites/pokemon/398.png
530,5,50,399,Bidoof,200,normal,,40.0,https://raw.githubusercontent.com/PokeAPI/sprites/master/sprites/pokemon/399.png
531,10,144,400,Bibarel,315,normal,water,31.5,https://raw.githubusercontent.com/PokeAPI/sprites/master/sprites/pokemon/400.png
532,3,39,401,Kricketot,22,bug,,7.333333333333333,https://raw.githubusercontent.com/PokeAPI/sprites/master/sprites/pokemon/401.png
533,10,134,402,Kricketune,255,bug,,25.5,https://raw.githubusercontent.com/PokeAPI/sprites/master/sprites/pokemon/402.png
534,5,53,403,Shinx,95,electric,,19.0,https://raw.githubusercontent.com/PokeAPI/sprites/master/sprites/pokemon/403.png
535,9,127,404,Luxio,305,electric,,33.888888888888886,https://raw.githubusercontent.com/PokeAPI/sprites/master/sprites/pokemon/404.png
536,14,262,405,Luxray,420,electric,,30.0,https://raw.githubusercontent.com/PokeAPI/sprites/master/sprites/pokemon/405.png
423,2,56,406,Budew,12,grass,poison,6.0,https://raw.githubusercontent.com/PokeAPI/sprites/master/sprites/pokemon/406.png
425,9,258,407,Roserade,145,grass,poison,16.11111111111111,https://raw.githubusercontent.com/PokeAPI/sprites/master/sprites/pokemon/407.png
537,9,70,408,Cranidos,315,rock,,35.0,https://raw.githubusercontent.com/PokeAPI/sprites/master/sprites/pokemon/408.png
538,16,173,409,Rampardos,1025,rock,,64.0625,https://raw.githubusercontent.com/PokeAPI/sprites/master/sprites/pokemon/409.png
539,5,70,410,Shieldon,570,rock,steel,114.0,https://raw.githubusercontent.com/PokeAPI/sprites/master/sprites/pokemon/410.png
540,13,173,411,Bastiodon,1495,rock,steel,115.0,https://raw.githubusercontent.com/PokeAPI/sprites/master/sprites/pokemon/411.png
541,2,45,412,Burmy,34,bug,,17.0,https://raw.githubusercontent.com/PokeAPI/sprites/master/sprites/pokemon/412.png
542,5,148,413,Wormadam-plant,65,bug,grass,13.0,https://raw.githubusercontent.com/PokeAPI/sprites/master/sprites/pokemon/413.png
545,9,148,414,Mothim,233,bug,flying,25.88888888888889,https://raw.githubusercontent.com/PokeAPI/sprites/master/sprites/pokemon/414.png
546,3,49,415,Combee,55,bug,flying,18.333333333333332,https://raw.githubusercontent.com/PokeAPI/sprites/master/sprites/pokemon/415.png
547,12,166,416,Vespiquen,385,bug,flying,32.083333333333336,https://raw.githubusercontent.com/PokeAPI/sprites/master/sprites/pokemon/416.png
548,4,142,417,Pachirisu,39,electric,,9.75,https://raw.githubusercontent.com/PokeAPI/sprites/master/sprites/pokemon/417.png
549,7,66,418,Buizel,295,water,,42.142857142857146,https://raw.githubusercontent.com/PokeAPI/sprites/master/sprites/pokemon/418.png
550,11,173,419,Floatzel,335,water,,30.454545454545453,https://raw.githubusercontent.com/PokeAPI/sprites/master/sprites/pokemon/419.png
551,4,55,420,Cherubi,33,grass,,8.25,https://raw.githubusercontent.com/PokeAPI/sprites/master/sprites/pokemon/420.png
552,5,158,421,Cherrim,93,grass,,18.6,https://raw.githubusercontent.com/PokeAPI/sprites/master/sprites/pokemon/421.png
553,3,65,422,Shellos,63,water,,21.0,https://raw.githubusercontent.com/PokeAPI/sprites/master/sprites/pokemon/422.png
554,9,166,423,Gastrodon,299,water,ground,33.22222222222222,https://raw.githubusercontent.com/PokeAPI/sprites/master/sprites/pokemon/423.png
286,12,169,424,Ambipom,203,normal,,16.916666666666668,https://raw.githubusercontent.com/PokeAPI/sprites/master/sprites/pokemon/424.png
555,4,70,425,Drifloon,12,ghost,flying,3.0,https://raw.githubusercontent.com/PokeAPI/sprites/master/sprites/pokemon/425.png
556,12,174,426,Drifblim,150,ghost,flying,12.5,https://raw.githubusercontent.com/PokeAPI/sprites/master/sprites/pokemon/426.png
557,4,70,427,Buneary,55,normal,,13.75,https://raw.githubusercontent.com/PokeAPI/sprites/master/sprites/pokemon/427.png
558,12,168,428,Lopunny,333,normal,,27.75,https://raw.githubusercontent.com/PokeAPI/sprites/master/sprites/pokemon/428.png
296,9,173,429,Mismagius,44,ghost,,4.888888888888889,https://raw.githubusercontent.com/PokeAPI/sprites/master/sprites/pokemon/429.png
294,9,177,430,Honchkrow,273,dark,flying,30.333333333333332,https://raw.githubusercontent.com/PokeAPI/sprites/master/sprites/pokemon/430.png
560,5,62,431,Glameow,39,normal,,7.8,https://raw.githubusercontent.com/PokeAPI/sprites/master/sprites/pokemon/431.png
561,10,158,432,Purugly,438,normal,,43.8,https://raw.githubusercontent.com/PokeAPI/sprites/master/sprites/pokemon/432.png
476,2,57,433,Chingling,6,psychic,,3.0,https://raw.githubusercontent.com/PokeAPI/sprites/master/sprites/pokemon/433.png
562,4,66,434,Stunky,192,poison,dark,48.0,https://raw.githubusercontent.com/PokeAPI/sprites/master/sprites/pokemon/434.png
563,10,168,435,Skuntank,380,poison,dark,38.0,https://raw.githubusercontent.com/PokeAPI/sprites/master/sprites/pokemon/435.png
564,5,60,436,Bronzor,605,steel,psychic,121.0,https://raw.githubusercontent.com/PokeAPI/sprites/master/sprites/pokemon/436.png
565,13,175,437,Bronzong,1870,steel,psychic,143.84615384615384,https://raw.githubusercontent.com/PokeAPI/sprites/master/sprites/pokemon/437.png
280,5,58,438,Bonsly,150,rock,,30.0,https://raw.githubusercontent.com/PokeAPI/sprites/master/sprites/pokemon/438.png
193,6,62,439,Mime-jr,130,psychic,fairy,21.666666666666668,https://raw.githubusercontent.com/PokeAPI/sprites/master/sprites/pokemon/439.png
179,6,110,440,Happiny,244,normal,,40.666666666666664,https://raw.githubusercontent.com/PokeAPI/sprites/master/sprites/pokemon/440.png
566,5,144,441,Chatot,19,normal,flying,3.8,https://raw.githubusercontent.com/PokeAPI/sprites/master/sprites/pokemon/441.png
567,10,170,442,Spiritomb,1080,ghost,dark,108.0,https://raw.githubusercontent.com/PokeAPI/sprites/master/sprites/pokemon/442.png
568,7,60,443,Gible,205,dragon,ground,29.285714285714285,https://raw.githubusercontent.com/PokeAPI/sprites/master/sprites/pokemon/443.png
569,14,144,444,Gabite,560,dragon,ground,40.0,https://raw.githubusercontent.com/PokeAPI/sprites/master/sprites/pokemon/444.png
570,19,300,445,Garchomp,950,dragon,ground,50.0,https://raw.githubusercontent.com/PokeAPI/sprites/master/sprites/pokemon/445.png
234,6,78,446,Munchlax,1050,normal,,175.0,https://raw.githubusercontent.com/PokeAPI/sprites/master/sprites/pokemon/446.png
572,7,57,447,Riolu,202,fighting,,28.857142857142858,https://raw.githubusercontent.com/PokeAPI/sprites/master/sprites/pokemon/447.png
573,12,184,448,Lucario,540,fighting,steel,45.0,https://raw.githubusercontent.com/PokeAPI/sprites/master/sprites/pokemon/448.png
575,8,66,449,Hippopotas,495,ground,,61.875,https://raw.githubusercontent.com/PokeAPI/sprites/master/sprites/pokemon/449.png
576,20,184,450,Hippowdon,3000,ground,,150.0,https://raw.githubusercontent.com/PokeAPI/sprites/master/sprites/pokemon/450.png
577,8,66,451,Skorupi,120,poison,bug,15.0,https://raw.githubusercontent.com/PokeAPI/sprites/master/sprites/pokemon/451.png
578,13,175,452,Drapion,615,poison,dark,47.30769230769231,https://raw.githubusercontent.com/PokeAPI/sprites/master/sprites/pokemon/452.png
579,7,60,453,Croagunk,230,poison,fighting,32.857142857142854,https://raw.githubusercontent.com/PokeAPI/sprites/master/sprites/pokemon/453.png
580,13,172,454,Toxicroak,444,poison,fighting,34.15384615384615,https://raw.githubusercontent.com/PokeAPI/sprites/master/sprites/pokemon/454.png
581,14,159,455,Carnivine,270,grass,,19.285714285714285,https://raw.githubusercontent.com/PokeAPI/sprites/master/sprites/pokemon/455.png
582,4,66,456,Finneon,70,water,,17.5,https://raw.githubusercontent.com/PokeAPI/sprites/master/sprites/pokemon/456.png
583,12,161,457,Lumineon,240,water,,20.0,https://raw.githubusercontent.com/PokeAPI/sprites/master/sprites/pokemon/457.png
326,10,69,458,Mantyke,650,water,flying,65.0,https://raw.githubusercontent.com/PokeAPI/sprites/master/sprites/pokemon/458.png
584,10,67,459,Snover,505,grass,ice,50.5,https://raw.githubusercontent.com/PokeAPI/sprites/master/sprites/pokemon/459.png
585,22,173,460,Abomasnow,1355,grass,ice,61.59090909090909,https://raw.githubusercontent.com/PokeAPI/sprites/master/sprites/pokemon/460.png
313,11,179,461,Weavile,340,dark,ice,30.90909090909091,https://raw.githubusercontent.com/PokeAPI/sprites/master/sprites/pokemon/461.png
134,12,268,462,Magnezone,1800,electric,steel,150.0,https://raw.githubusercontent.com/PokeAPI/sprites/master/sprites/pokemon/462.png
172,17,180,463,Lickilicky,1400,normal,,82.3529411764706,https://raw.githubusercontent.com/PokeAPI/sprites/master/sprites/pokemon/463.png
178,24,268,464,Rhyperior,2828,ground,rock,117.83333333333333,https://raw.githubusercontent.com/PokeAPI/sprites/master/sprites/pokemon/464.png
183,20,187,465,Tangrowth,1286,grass,,64.3,https://raw.githubusercontent.com/PokeAPI/sprites/master/sprites/pokemon/465.png
203,18,270,466,Electivire,1386,electric,,77.0,https://raw.githubusercontent.com/PokeAPI/sprites/master/sprites/pokemon/466.png
206,16,270,467,Magmortar,680,fire,,42.5,https://raw.githubusercontent.com/PokeAPI/sprites/master/sprites/pokemon/467.png
270,15,273,468,Togekiss,380,fairy,flying,25.333333333333332,https://raw.githubusercontent.com/PokeAPI/sprites/master/sprites/pokemon/468.png
290,19,180,469,Yanmega,515,bug,flying,27.105263157894736,https://raw.githubusercontent.com/PokeAPI/sprites/master/sprites/pokemon/469.png
222,10,184,470,Leafeon,255,grass,,25.5,https://raw.githubusercontent.com/PokeAPI/sprites/master/sprites/pokemon/470.png
223,8,184,471,Glaceon,259,ice,,32.375,https://raw.githubusercontent.com/PokeAPI/sprites/master/sprites/pokemon/471.png
305,20,179,472,Gliscor,425,ground,flying,21.25,https://raw.githubusercontent.com/PokeAPI/sprites/master/sprites/pokemon/472.png
320,25,265,473,Mamoswine,2910,ice,ground,116.4,https://raw.githubusercontent.com/PokeAPI/sprites/master/sprites/pokemon/473.png
227,9,268,474,Porygon-z,340,normal,,37.77777777777778,https://raw.githubusercontent.com/PokeAPI/sprites/master/sprites/pokemon/474.png
384,16,259,475,Gallade,520,psychic,fighting,32.5,https://raw.githubusercontent.com/PokeAPI/sprites/master/sprites/pokemon/475.png
402,14,184,476,Probopass,3400,rock,steel,242.85714285714286,https://raw.githubusercontent.com/PokeAPI/sprites/master/sprites/pokemon/476.png
474,22,263,477,Dusknoir,1066,ghost,,48.45454545454545,https://raw.githubusercontent.com/PokeAPI/sprites/master/sprites/pokemon/477.png
483,13,168,478,Froslass,266,ice,ghost,20.46153846153846,https://raw.githubusercontent.com/PokeAPI/sprites/master/sprites/pokemon/478.png
587,3,154,479,Rotom,3,electric,ghost,1.0,https://raw.githubusercontent.com/PokeAPI/sprites/master/sprites/pokemon/479.png
593,3,290,480,Uxie,3,psychic,,1.0,https://raw.githubusercontent.com/PokeAPI/sprites/master/sprites/pokemon/480.png
594,3,290,481,Mesprit,3,psychic,,1.0,https://raw.githubusercontent.com/PokeAPI/sprites/master/sprites/pokemon/481.png
595,3,290,482,Azelf,3,psychic,,1.0,https://raw.githubusercontent.com/PokeAPI/sprites/master/sprites/pokemon/482.png
596,54,340,483,Dialga,6830,steel,dragon,126.48148148148148,https://raw.githubusercontent.com/PokeAPI/sprites/master/sprites/pokemon/483.png
597,42,340,484,Palkia,3360,water,dragon,80.0,https://raw.githubusercontent.com/PokeAPI/sprites/master/sprites/pokemon/484.png
598,17,300,485,Heatran,4300,fire,steel,252.94117647058823,https://raw.githubusercontent.com/PokeAPI/sprites/master/sprites/pokemon/485.png
599,37,335,486,Regigigas,4200,normal,,113.51351351351352,https://raw.githubusercontent.com/PokeAPI/sprites/master/sprites/pokemon/486.png
600,45,340,487,Giratina-altered,7500,ghost,dragon,166.66666666666666,https://raw.githubusercontent.com/PokeAPI/sprites/master/sprites/pokemon/487.png
602,15,300,488,Cresselia,856,psychic,,57.06666666666667,https://raw.githubusercontent.com/PokeAPI/sprites/master/sprites/pokemon/488.png
603,4,216,489,Phione,31,water,,7.75,https://raw.githubusercontent.com/PokeAPI/sprites/master/sprites/pokemon/489.png
604,3,270,490,Manaphy,14,water,,4.666666666666667,https://raw.githubusercontent.com/PokeAPI/sprites/master/sprites/pokemon/490.png
605,15,270,491,Darkrai,505,dark,,33.666666666666664,https://raw.githubusercontent.com/PokeAPI/sprites/master/sprites/pokemon/491.png
606,2,270,492,Shaymin-land,21,grass,,10.5,https://raw.githubusercontent.com/PokeAPI/sprites/master/sprites/pokemon/492.png
608,32,324,493,Arceus,3200,normal,,100.0,https://raw.githubusercontent.com/PokeAPI/sprites/master/sprites/pokemon/493.png
609,4,300,494,Victini,40,psychic,fire,10.0,https://raw.githubusercontent.com/PokeAPI/sprites/master/sprites/pokemon/494.png
610,6,62,495,Snivy,81,grass,,13.5,https://raw.githubusercontent.com/PokeAPI/sprites/master/sprites/pokemon/495.png
611,8,145,496,Servine,160,grass,,20.0,https://raw.githubusercontent.com/PokeAPI/sprites/master/sprites/pokemon/496.png
612,33,238,497,Serperior,630,grass,,19.09090909090909,https://raw.githubusercontent.com/PokeAPI/sprites/master/sprites/pokemon/497.png
613,5,62,498,Tepig,99,fire,,19.8,https://raw.githubusercontent.com/PokeAPI/sprites/master/sprites/pokemon/498.png
614,10,146,499,Pignite,555,fire,fighting,55.5,https://raw.githubusercontent.com/PokeAPI/sprites/master/sprites/pokemon/499.png
615,16,238,500,Emboar,1500,fire,fighting,93.75,https://raw.githubusercontent.com/PokeAPI/sprites/master/sprites/pokemon/500.png
616,5,62,501,Oshawott,59,water,,11.8,https://raw.githubusercontent.com/PokeAPI/sprites/master/sprites/pokemon/501.png
617,8,145,502,Dewott,245,water,,30.625,https://raw.githubusercontent.com/PokeAPI/sprites/master/sprites/pokemon/502.png
618,15,238,503,Samurott,946,water,,63.06666666666667,https://raw.githubusercontent.com/PokeAPI/sprites/master/sprites/pokemon/503.png
619,5,51,504,Patrat,116,normal,,23.2,https://raw.githubusercontent.com/PokeAPI/sprites/master/sprites/pokemon/504.png
620,11,147,505,Watchog,270,normal,,24.545454545454547,https://raw.githubusercontent.com/PokeAPI/sprites/master/sprites/pokemon/505.png
621,4,55,506,Lillipup,41,normal,,10.25,https://raw.githubusercontent.com/PokeAPI/sprites/master/sprites/pokemon/506.png
622,9,130,507,Herdier,147,normal,,16.333333333333332,https://raw.githubusercontent.com/PokeAPI/sprites/master/sprites/pokemon/507.png
623,12,250,508,Stoutland,610,normal,,50.833333333333336,https://raw.githubusercontent.com/PokeAPI/sprites/master/sprites/pokemon/508.png
624,4,56,509,Purrloin,101,dark,,25.25,https://raw.githubusercontent.com/PokeAPI/sprites/master/sprites/pokemon/509.png
625,11,156,510,Liepard,375,dark,,34.09090909090909,https://raw.githubusercontent.com/PokeAPI/sprites/master/sprites/pokemon/510.png
626,6,63,511,Pansage,105,grass,,17.5,https://raw.githubusercontent.com/PokeAPI/sprites/master/sprites/pokemon/511.png
627,11,174,512,Simisage,305,grass,,27.727272727272727,https://raw.githubusercontent.com/PokeAPI/sprites/master/sprites/pokemon/512.png
628,6,63,513,Pansear,110,fire,,18.333333333333332,https://raw.githubusercontent.com/PokeAPI/sprites/master/sprites/pokemon/513.png
629,10,174,514,Simisear,280,fire,,28.0,https://raw.githubusercontent.com/PokeAPI/sprites/master/sprites/pokemon/514.png
630,6,63,515,Panpour,135,water,,22.5,https://raw.githubusercontent.com/PokeAPI/sprites/master/sprites/pokemon/515.png
631,10,174,516,Simipour,290,water,,29.0,https://raw.githubusercontent.com/PokeAPI/sprites/master/sprites/pokemon/516.png
632,6,58,517,Munna,233,psychic,,38.833333333333336,https://raw.githubusercontent.com/PokeAPI/sprites/master/sprites/pokemon/517.png
633,11,170,518,Musharna,605,psychic,,55.0,https://raw.githubusercontent.com/PokeAPI/sprites/master/sprites/pokemon/518.png
634,3,53,519,Pidove,21,normal,flying,7.0,https://raw.githubusercontent.com/PokeAPI/sprites/master/sprites/pokemon/519.png
635,6,125,520,Tranquill,150,normal,flying,25.0,https://raw.githubusercontent.com/PokeAPI/sprites/master/sprites/pokemon/520.png
636,12,244,521,Unfezant,290,normal,flying,24.166666666666668,https://raw.githubusercontent.com/PokeAPI/sprites/master/sprites/pokemon/521.png
637,8,59,522,Blitzle,298,electric,,37.25,https://raw.githubusercontent.com/PokeAPI/sprites/master/sprites/pokemon/522.png
638,16,174,523,Zebstrika,795,electric,,49.6875,https://raw.githubusercontent.com/PokeAPI/sprites/master/sprites/pokemon/523.png
639,4,56,524,Roggenrola,180,rock,,45.0,https://raw.githubusercontent.com/PokeAPI/sprites/master/sprites/pokemon/524.png
640,9,137,525,Boldore,1020,rock,,113.33333333333333,https://raw.githubusercontent.com/PokeAPI/sprites/master/sprites/pokemon/525.png
641,17,258,526,Gigalith,2600,rock,,152.94117647058823,https://raw.githubusercontent.com/PokeAPI/sprites/master/sprites/pokemon/526.png
642,4,65,527,Woobat,21,psychic,flying,5.25,https://raw.githubusercontent.com/PokeAPI/sprites/master/sprites/pokemon/527.png
643,9,149,528,Swoobat,105,psychic,flying,11.666666666666666,https://raw.githubusercontent.com/PokeAPI/sprites/master/sprites/pokemon/528.png
644,3,66,529,Drilbur,85,ground,,28.333333333333332,https://raw.githubusercontent.com/PokeAPI/sprites/master/sprites/pokemon/529.png
645,7,178,530,Excadrill,404,ground,steel,57.714285714285715,https://raw.githubusercontent.com/PokeAPI/sprites/master/sprites/pokemon/530.png
646,11,390,531,Audino,310,normal,,28.181818181818183,https://raw.githubusercontent.com/PokeAPI/sprites/master/sprites/pokemon/531.png
648,6,61,532,Timburr,125,fighting,,20.833333333333332,https://raw.githubusercontent.com/PokeAPI/sprites/master/sprites/pokemon/532.png
649,12,142,533,Gurdurr,400,fighting,,33.333333333333336,https://raw.githubusercontent.com/PokeAPI/sprites/master/sprites/pokemon/533.png
650,14,253,534,Conkeldurr,870,fighting,,62.142857142857146,https://raw.githubusercontent.com/PokeAPI/sprites/master/sprites/pokemon/534.png
651,5,59,535,Tympole,45,water,,9.0,https://raw.githubusercontent.com/PokeAPI/sprites/master/sprites/pokemon/535.png
652,8,134,536,Palpitoad,170,water,ground,21.25,https://raw.githubusercontent.com/PokeAPI/sprites/master/sprites/pokemon/536.png
653,15,255,537,Seismitoad,620,water,ground,41.333333333333336,https://raw.githubusercontent.com/PokeAPI/sprites/master/sprites/pokemon/537.png
654,13,163,538,Throh,555,fighting,,42.69230769230769,https://raw.githubusercontent.com/PokeAPI/sprites/master/sprites/pokemon/538.png
655,14,163,539,Sawk,510,fighting,,36.42857142857143,https://raw.githubusercontent.com/PokeAPI/sprites/master/sprites/pokemon/539.png
656,3,62,540,Sewaddle,25,bug,grass,8.333333333333334,https://raw.githubusercontent.com/PokeAPI/sprites/master/sprites/pokemon/540.png
657,5,133,541,Swadloon,73,bug,grass,14.6,https://raw.githubusercontent.com/PokeAPI/sprites/master/sprites/pokemon/541.png
658,12,225,542,Leavanny,205,bug,grass,17.083333333333332,https://raw.githubusercontent.com/PokeAPI/sprites/master/sprites/pokemon/542.png
659,4,52,543,Venipede,53,bug,poison,13.25,https://raw.githubusercontent.com/PokeAPI/sprites/master/sprites/pokemon/543.png
660,12,126,544,Whirlipede,585,bug,poison,48.75,https://raw.githubusercontent.com/PokeAPI/sprites/master/sprites/pokemon/544.png
661,25,243,545,Scolipede,2005,bug,poison,80.2,https://raw.githubusercontent.com/PokeAPI/sprites/master/sprites/pokemon/545.png
662,3,56,546,Cottonee,6,grass,fairy,2.0,https://raw.githubusercontent.com/PokeAPI/sprites/master/sprites/pokemon/546.png
663,7,168,547,Whimsicott,66,grass,fairy,9.428571428571429,https://raw.githubusercontent.com/PokeAPI/sprites/master/sprites/pokemon/547.png
664,5,56,548,Petilil,66,grass,,13.2,https://raw.githubusercontent.com/PokeAPI/sprites/master/sprites/pokemon/548.png
665,11,168,549,Lilligant,163,grass,,14.818181818181818,https://raw.githubusercontent.com/PokeAPI/sprites/master/sprites/pokemon/549.png
666,10,161,550,Basculin-red-striped,180,water,,18.0,https://raw.githubusercontent.com/PokeAPI/sprites/master/sprites/pokemon/550.png
668,7,58,551,Sandile,152,ground,dark,21.714285714285715,https://raw.githubusercontent.com/PokeAPI/sprites/master/sprites/pokemon/551.png
669,10,123,552,Krokorok,334,ground,dark,33.4,https://raw.githubusercontent.com/PokeAPI/sprites/master/sprites/pokemon/552.png
670,15,260,553,Krookodile,963,ground,dark,64.2,https://raw.githubusercontent.com/PokeAPI/sprites/master/sprites/pokemon/553.png
671,6,63,554,Darumaka,375,fire,,62.5,https://raw.githubusercontent.com/PokeAPI/sprites/master/sprites/pokemon/554.png
673,13,168,555,Darmanitan-standard,929,fire,,71.46153846153847,https://raw.githubusercontent.com/PokeAPI/sprites/master/sprites/pokemon/555.png
677,10,161,556,Maractus,280,grass,,28.0,https://raw.githubusercontent.com/PokeAPI/sprites/master/sprites/pokemon/556.png
678,3,65,557,Dwebble,145,bug,rock,48.333333333333336,https://raw.githubusercontent.com/PokeAPI/sprites/master/sprites/pokemon/557.png
679,14,170,558,Crustle,2000,bug,rock,142.85714285714286,https://raw.githubusercontent.com/PokeAPI/sprites/master/sprites/pokemon/558.png
680,6,70,559,Scraggy,118,dark,fighting,19.666666666666668,https://raw.githubusercontent.com/PokeAPI/sprites/master/sprites/pokemon/559.png
681,11,171,560,Scrafty,300,dark,fighting,27.272727272727273,https://raw.githubusercontent.com/PokeAPI/sprites/master/sprites/pokemon/560.png
682,14,172,561,Sigilyph,140,psychic,flying,10.0,https://raw.githubusercontent.com/PokeAPI/sprites/master/sprites/pokemon/561.png
683,5,61,562,Yamask,15,ghost,,3.0,https://raw.githubusercontent.com/PokeAPI/sprites/master/sprites/pokemon/562.png
685,17,169,563,Cofagrigus,765,ghost,,45.0,https://raw.githubusercontent.com/PokeAPI/sprites/master/sprites/pokemon/563.png
686,7,71,564,Tirtouga,165,water,rock,23.571428571428573,https://raw.githubusercontent.com/PokeAPI/sprites/master/sprites/pokemon/564.png
687,12,173,565,Carracosta,810,water,rock,67.5,https://raw.githubusercontent.com/PokeAPI/sprites/master/sprites/pokemon/565.png
688,5,71,566,Archen,95,rock,flying,19.0,https://raw.githubusercontent.com/PokeAPI/sprites/master/sprites/pokemon/566.png
689,14,177,567,Archeops,320,rock,flying,22.857142857142858,https://raw.githubusercontent.com/PokeAPI/sprites/master/sprites/pokemon/567.png
690,6,66,568,Trubbish,310,poison,,51.666666666666664,https://raw.githubusercontent.com/PokeAPI/sprites/master/sprites/pokemon/568.png
691,19,166,569,Garbodor,1073,poison,,56.473684210526315,https://raw.githubusercontent.com/PokeAPI/sprites/master/sprites/pokemon/569.png
692,7,66,570,Zorua,125,dark,,17.857142857142858,https://raw.githubusercontent.com/PokeAPI/sprites/master/sprites/pokemon/570.png
693,16,179,571,Zoroark,811,dark,,50.6875,https://raw.githubusercontent.com/PokeAPI/sprites/master/sprites/pokemon/571.png
694,4,60,572,Minccino,58,normal,,14.5,https://raw.githubusercontent.com/PokeAPI/sprites/master/sprites/pokemon/572.png
695,5,165,573,Cinccino,75,normal,,15.0,https://raw.githubusercontent.com/PokeAPI/sprites/master/sprites/pokemon/573.png
696,4,58,574,Gothita,58,psychic,,14.5,https://raw.githubusercontent.com/PokeAPI/sprites/master/sprites/pokemon/574.png
697,7,137,575,Gothorita,180,psychic,,25.714285714285715,https://raw.githubusercontent.com/PokeAPI/sprites/master/sprites/pokemon/575.png
698,15,245,576,Gothitelle,440,psychic,,29.333333333333332,https://raw.githubusercontent.com/PokeAPI/sprites/master/sprites/pokemon/576.png
699,3,58,577,Solosis,10,psychic,,3.3333333333333335,https://raw.githubusercontent.com/PokeAPI/sprites/master/sprites/pokemon/577.png
700,6,130,578,Duosion,80,psychic,,13.333333333333334,https://raw.githubusercontent.com/PokeAPI/sprites/master/sprites/pokemon/578.png
701,10,245,579,Reuniclus,201,psychic,,20.1,https://raw.githubusercontent.com/PokeAPI/sprites/master/sprites/pokemon/579.png
702,5,61,580,Ducklett,55,water,flying,11.0,https://raw.githubusercontent.com/PokeAPI/sprites/master/sprites/pokemon/580.png
703,13,166,581,Swanna,242,water,flying,18.615384615384617,https://raw.githubusercontent.com/PokeAPI/sprites/master/sprites/pokemon/581.png
704,4,61,582,Vanillite,57,ice,,14.25,https://raw.githubusercontent.com/PokeAPI/sprites/master/sprites/pokemon/582.png
705,11,138,583,Vanillish,410,ice,,37.27272727272727,https://raw.githubusercontent.com/PokeAPI/sprites/master/sprites/pokemon/583.png
706,13,268,584,Vanilluxe,575,ice,,44.23076923076923,https://raw.githubusercontent.com/PokeAPI/sprites/master/sprites/pokemon/584.png
707,6,67,585,Deerling,195,normal,grass,32.5,https://raw.githubusercontent.com/PokeAPI/sprites/master/sprites/pokemon/585.png
708,19,166,586,Sawsbuck,925,normal,grass,48.68421052631579,https://raw.githubusercontent.com/PokeAPI/sprites/master/sprites/pokemon/586.png
709,4,150,587,Emolga,50,electric,flying,12.5,https://raw.githubusercontent.com/PokeAPI/sprites/master/sprites/pokemon/587.png
710,5,63,588,Karrablast,59,bug,,11.8,https://raw.githubusercontent.com/PokeAPI/sprites/master/sprites/pokemon/588.png
711,10,173,589,Escavalier,330,bug,steel,33.0,https://raw.githubusercontent.com/PokeAPI/sprites/master/sprites/pokemon/589.png
712,2,59,590,Foongus,10,grass,poison,5.0,https://raw.githubusercontent.com/PokeAPI/sprites/master/sprites/pokemon/590.png
713,6,162,591,Amoonguss,105,grass,poison,17.5,https://raw.githubusercontent.com/PokeAPI/sprites/master/sprites/pokemon/591.png
714,12,67,592,Frillish,330,water,ghost,27.5,https://raw.githubusercontent.com/PokeAPI/sprites/master/sprites/pokemon/592.png
715,22,168,593,Jellicent,1350,water,ghost,61.36363636363637,https://raw.githubusercontent.com/PokeAPI/sprites/master/sprites/pokemon/593.png
716,12,165,594,Alomomola,316,water,,26.333333333333332,https://raw.githubusercontent.com/PokeAPI/sprites/master/sprites/pokemon/594.png
717,1,64,595,Joltik,6,bug,electric,6.0,https://raw.githubusercontent.com/PokeAPI/sprites/master/sprites/pokemon/595.png
718,8,165,596,Galvantula,143,bug,electric,17.875,https://raw.githubusercontent.com/PokeAPI/sprites/master/sprites/pokemon/596.png
719,6,61,597,Ferroseed,188,grass,steel,31.333333333333332,https://raw.githubusercontent.com/PokeAPI/sprites/master/sprites/pokemon/597.png
720,10,171,598,Ferrothorn,1100,grass,steel,110.0,https://raw.githubusercontent.com/PokeAPI/sprites/master/sprites/pokemon/598.png
721,3,60,599,Klink,210,steel,,70.0,https://raw.githubusercontent.com/PokeAPI/sprites/master/sprites/pokemon/599.png
722,6,154,600,Klang,510,steel,,85.0,https://raw.githubusercontent.com/PokeAPI/sprites/master/sprites/pokemon/600.png
723,6,260,601,Klinklang,810,steel,,135.0,https://raw.githubusercontent.com/PokeAPI/sprites/master/sprites/pokemon/601.png
724,2,55,602,Tynamo,3,electric,,1.5,https://raw.githubusercontent.com/PokeAPI/sprites/master/sprites/pokemon/602.png
725,12,142,603,Eelektrik,220,electric,,18.333333333333332,https://raw.githubusercontent.com/PokeAPI/sprites/master/sprites/pokemon/603.png
726,21,232,604,Eelektross,805,electric,,38.333333333333336,https://raw.githubusercontent.com/PokeAPI/sprites/master/sprites/pokemon/604.png
727,5,67,605,Elgyem,90,psychic,,18.0,https://raw.githubusercontent.com/PokeAPI/sprites/master/sprites/pokemon/605.png
728,10,170,606,Beheeyem,345,psychic,,34.5,https://raw.githubusercontent.com/PokeAPI/sprites/master/sprites/pokemon/606.png
729,3,55,607,Litwick,31,ghost,fire,10.333333333333334,https://raw.githubusercontent.com/PokeAPI/sprites/master/sprites/pokemon/607.png
730,6,130,608,Lampent,130,ghost,fire,21.666666666666668,https://raw.githubusercontent.com/PokeAPI/sprites/master/sprites/pokemon/608.png
731,10,260,609,Chandelure,343,ghost,fire,34.3,https://raw.githubusercontent.com/PokeAPI/sprites/master/sprites/pokemon/609.png
732,6,64,610,Axew,180,dragon,,30.0,https://raw.githubusercontent.com/PokeAPI/sprites/master/sprites/pokemon/610.png
733,10,144,611,Fraxure,360,dragon,,36.0,https://raw.githubusercontent.com/PokeAPI/sprites/master/sprites/pokemon/611.png
734,18,270,612,Haxorus,1055,dragon,,58.611111111111114,https://raw.githubusercontent.com/PokeAPI/sprites/master/sprites/pokemon/612.png
735,5,61,613,Cubchoo,85,ice,,17.0,https://raw.githubusercontent.com/PokeAPI/sprites/master/sprites/pokemon/613.png
736,26,177,614,Beartic,2600,ice,,100.0,https://raw.githubusercontent.com/PokeAPI/sprites/master/sprites/pokemon/614.png
737,11,180,615,Cryogonal,1480,ice,,134.54545454545453,https://raw.githubusercontent.com/PokeAPI/sprites/master/sprites/pokemon/615.png
738,4,61,616,Shelmet,77,bug,,19.25,https://raw.githubusercontent.com/PokeAPI/sprites/master/sprites/pokemon/616.png
739,8,173,617,Accelgor,253,bug,,31.625,https://raw.githubusercontent.com/PokeAPI/sprites/master/sprites/pokemon/617.png
740,7,165,618,Stunfisk,110,ground,electric,15.714285714285714,https://raw.githubusercontent.com/PokeAPI/sprites/master/sprites/pokemon/618.png
742,9,70,619,Mienfoo,200,fighting,,22.22222222222222,https://raw.githubusercontent.com/PokeAPI/sprites/master/sprites/pokemon/619.png
743,14,179,620,Mienshao,355,fighting,,25.357142857142858,https://raw.githubusercontent.com/PokeAPI/sprites/master/sprites/pokemon/620.png
744,16,170,621,Druddigon,1390,dragon,,86.875,https://raw.githubusercontent.com/PokeAPI/sprites/master/sprites/pokemon/621.png
745,10,61,622,Golett,920,ground,ghost,92.0,https://raw.githubusercontent.com/PokeAPI/sprites/master/sprites/pokemon/622.png
746,28,169,623,Golurk,3300,ground,ghost,117.85714285714286,https://raw.githubusercontent.com/PokeAPI/sprites/master/sprites/pokemon/623.png
747,5,68,624,Pawniard,102,dark,steel,20.4,https://raw.githubusercontent.com/PokeAPI/sprites/master/sprites/pokemon/624.png
748,16,172,625,Bisharp,700,dark,steel,43.75,https://raw.githubusercontent.com/PokeAPI/sprites/master/sprites/pokemon/625.png
749,16,172,626,Bouffalant,946,normal,,59.125,https://raw.githubusercontent.com/PokeAPI/sprites/master/sprites/pokemon/626.png
750,5,70,627,Rufflet,105,normal,flying,21.0,https://raw.githubusercontent.com/PokeAPI/sprites/master/sprites/pokemon/627.png
751,15,179,628,Braviary,410,normal,flying,27.333333333333332,https://raw.githubusercontent.com/PokeAPI/sprites/master/sprites/pokemon/628.png
752,5,74,629,Vullaby,90,dark,flying,18.0,https://raw.githubusercontent.com/PokeAPI/sprites/master/sprites/pokemon/629.png
753,12,179,630,Mandibuzz,395,dark,flying,32.916666666666664,https://raw.githubusercontent.com/PokeAPI/sprites/master/sprites/pokemon/630.png
754,14,169,631,Heatmor,580,fire,,41.42857142857143,https://raw.githubusercontent.com/PokeAPI/sprites/master/sprites/pokemon/631.png
755,3,169,632,Durant,330,bug,steel,110.0,https://raw.githubusercontent.com/PokeAPI/sprites/master/sprites/pokemon/632.png
756,8,60,633,Deino,173,dark,dragon,21.625,https://raw.githubusercontent.com/PokeAPI/sprites/master/sprites/pokemon/633.png
757,14,147,634,Zweilous,500,dark,dragon,35.714285714285715,https://raw.githubusercontent.com/PokeAPI/sprites/master/sprites/pokemon/634.png
758,18,300,635,Hydreigon,1600,dark,dragon,88.88888888888889,https://raw.githubusercontent.com/PokeAPI/sprites/master/sprites/pokemon/635.png
759,11,72,636,Larvesta,288,bug,fire,26.181818181818183,https://raw.githubusercontent.com/PokeAPI/sprites/master/sprites/pokemon/636.png
760,16,275,637,Volcarona,460,bug,fire,28.75,https://raw.githubusercontent.com/PokeAPI/sprites/master/sprites/pokemon/637.png
761,21,290,638,Cobalion,2500,steel,fighting,119.04761904761905,https://raw.githubusercontent.com/PokeAPI/sprites/master/sprites/pokemon/638.png
762,19,290,639,Terrakion,2600,rock,fighting,136.8421052631579,https://raw.githubusercontent.com/PokeAPI/sprites/master/sprites/pokemon/639.png
763,20,290,640,Virizion,2000,grass,fighting,100.0,https://raw.githubusercontent.com/PokeAPI/sprites/master/sprites/pokemon/640.png
764,15,290,641,Tornadus-incarnate,630,flying,,42.0,https://raw.githubusercontent.com/PokeAPI/sprites/master/sprites/pokemon/641.png
766,15,290,642,Thundurus-incarnate,610,electric,flying,40.666666666666664,https://raw.githubusercontent.com/PokeAPI/sprites/master/sprites/pokemon/642.png
768,32,340,643,Reshiram,3300,dragon,fire,103.125,https://raw.githubusercontent.com/PokeAPI/sprites/master/sprites/pokemon/643.png
769,29,340,644,Zekrom,3450,dragon,electric,118.96551724137932,https://raw.githubusercontent.com/PokeAPI/sprites/master/sprites/pokemon/644.png
770,15,300,645,Landorus-incarnate,680,ground,flying,45.333333333333336,https://raw.githubusercontent.com/PokeAPI/sprites/master/sprites/pokemon/645.png
772,30,330,646,Kyurem,3250,dragon,ice,108.33333333333333,https://raw.githubusercontent.com/PokeAPI/sprites/master/sprites/pokemon/646.png
775,14,290,647,Keldeo-ordinary,485,water,fighting,34.642857142857146,https://raw.githubusercontent.com/PokeAPI/sprites/master/sprites/pokemon/647.png
777,6,270,648,Meloetta-aria,65,normal,psychic,10.833333333333334,https://raw.githubusercontent.com/PokeAPI/sprites/master/sprites/pokemon/648.png
779,15,300,649,Genesect,825,bug,steel,55.0,https://raw.githubusercontent.com/PokeAPI/sprites/master/sprites/pokemon/649.png
515,17,270,10001,Deoxys-attack,608,psychic,,35.76470588235294,https://raw.githubusercontent.com/PokeAPI/sprites/master/sprites/pokemon/10001.png
516,17,270,10002,Deoxys-defense,608,psychic,,35.76470588235294,https://raw.githubusercontent.com/PokeAPI/sprites/master/sprites/pokemon/10002.png
517,17,270,10003,Deoxys-speed,608,psychic,,35.76470588235294,https://raw.githubusercontent.com/PokeAPI/sprites/master/sprites/pokemon/10003.png
543,5,148,10004,Wormadam-sandy,65,bug,ground,13.0,https://raw.githubusercontent.com/PokeAPI/sprites/master/sprites/pokemon/10004.png
544,5,148,10005,Wormadam-trash,65,bug,steel,13.0,https://raw.githubusercontent.com/PokeAPI/sprites/master/sprites/pokemon/10005.png
607,4,270,10006,Shaymin-sky,52,grass,flying,13.0,https://raw.githubusercontent.com/PokeAPI/sprites/master/sprites/pokemon/10006.png
601,69,340,10007,Giratina-origin,6500,ghost,dragon,94.20289855072464,https://raw.githubusercontent.com/PokeAPI/sprites/master/sprites/pokemon/10007.png
588,3,182,10008,Rotom-heat,3,electric,fire,1.0,https://raw.githubusercontent.com/PokeAPI/sprites/master/sprites/pokemon/10008.png
589,3,182,10009,Rotom-wash,3,electric,water,1.0,https://raw.githubusercontent.com/PokeAPI/sprites/master/sprites/pokemon/10009.png
590,3,182,10010,Rotom-frost,3,electric,ice,1.0,https://raw.githubusercontent.com/PokeAPI/sprites/master/sprites/pokemon/10010.png
591,3,182,10011,Rotom-fan,3,electric,flying,1.0,https://raw.githubusercontent.com/PokeAPI/sprites/master/sprites/pokemon/10011.png
592,3,182,10012,Rotom-mow,3,electric,grass,1.0,https://raw.githubusercontent.com/PokeAPI/sprites/master/sprites/pokemon/10012.png
465,3,147,10013,Castform-sunny,8,fire,,2.6666666666666665,https://raw.githubusercontent.com/PokeAPI/sprites/master/sprites/pokemon/10013.png
466,3,147,10014,Castform-rainy,8,water,,2.6666666666666665,https://raw.githubusercontent.com/PokeAPI/sprites/master/sprites/pokemon/10014.png
467,3,147,10015,Castform-snowy,8,ice,,2.6666666666666665,https://raw.githubusercontent.com/PokeAPI/sprites/master/sprites/pokemon/10015.png
667,10,161,10016,Basculin-blue-striped,180,water,,18.0,https://raw.githubusercontent.com/PokeAPI/sprites/master/sprites/pokemon/10016.png
674,13,189,10017,Darmanitan-zen,929,fire,psychic,71.46153846153847,https://raw.githubusercontent.com/PokeAPI/sprites/master/sprites/pokemon/10017.png
778,6,270,10018,Meloetta-pirouette,65,normal,fighting,10.833333333333334,https://raw.githubusercontent.com/PokeAPI/sprites/master/sprites/pokemon/10018.png
